species,date,plant,tissue type,HCN
P.arbelaezii,10/30/12,bridge,new leaf,2.8
P.vitifolia,11/1/12,sp3,mature leaf,0.001
P.vitifolia,11/1/12,sp3,new leaf,0.003
P.vitifolia,11/1/12,sp3,stem,0.082
P.vitifolia,11/1/12,sp3,stem,0.385
P.vitifolia,11/1/12,sp3,new leaf,0.003
P.vitifolia,11/1/12,sp3,tendril,0.007
P.vitifolia,11/1/12,sp3,mature leaf,0.001
P.vitifolia,11/1/12,sp3,new leaf,0.001
P.vitifolia,11/1/12,sp3,stem,0.016
P.vitifolia,11/1/12,sp3,stem,0.09
P.arbelaezii,11/2/12,CAZ 189,mature leaf,5.13906
P.arbelaezii,11/2/12,CAZ 189,new leaf,4.02465
P.arbelaezii,11/2/12,CAZ 189,new leaf,5.91741
P.arbelaezii,11/2/12,CAZ 189,mature leaf,4.41324
P.arbelaezii,11/2/12,CAZ 189,new leaf,6.49033
P.arbelaezii,11/2/12,CAZ 189,mature leaf,5.2963
P.lobata,11/3/12,SUR 365,new leaf,0.004
P.lobata,11/3/12,SUR 365,mature leaf,0.002
P.lobata,11/3/12,SUR 365,old leaf,0.002
P.lobata,11/3/12,SUR 365,stem,0.002
P.lobata,11/3/12,SUR 365,stem,0.006
P.lobata,11/3/12,SUR 365,tendril,0.002
P.menispermifolia,11/4/12,inner gate,old leaf,0.03335
P.menispermifolia,11/4/12,inner gate,new leaf,8.01538
P.menispermifolia,11/4/12,inner gate,mature leaf,7.1162
P.auriculata,11/4/12,front gate,mature leaf,0.15528
P.auriculata,11/4/12,front gate,new leaf,0.1334
P.auriculata,11/4/12,front gate,stem,0.84869
P.arbelaezii,11/4/12,CAZ 156,new leaf,4.90555
P.arbelaezii,11/4/12,CAZ 156,mature leaf,2.44091
P.pittieri,11/5/12,lab,stem,4.933
P.arbelaezii,11/5/12,CAZ 204,new leaf,7.022
P.arbelaezii,11/5/12,CAZ 204,mature leaf,2.043
P.arbelaezii,11/5/12,CAZ 204,stem,4.809
P.arbelaezii,11/6/12,CAZ 272,new leaf,8.5343
P.arbelaezii,11/6/12,CAZ 272,mature leaf,7.87351
P.arbelaezii,11/6/12,CAZ 272,new leaf,8.40551
P.arbelaezii,11/6/12,CAZ 272,stem,2.96214
P.auriculata,11/8/12,boat ramp,new leaf,0.08977
P.auriculata,11/8/12,boat ramp,mature leaf,0.02921
P.biflora,11/8/12,inner gate,new leaf,6.12857
P.biflora,11/8/12,inner gate,mature leaf,1.53898
P.biflora,11/9/12,bridge n,flower,0.009
P.biflora,11/9/12,bridge n,flower,0.68399
P.biflora,11/9/12,bridge n,flower,1.29152
P.biflora,11/9/12,bridge n,flower,3.19196
P.oerstedii,11/12/12,SAZ 807,new leaf,0.017
P.oerstedii,11/12/12,SAZ 807,mature leaf,0.003
P.oerstedii,11/12/12,SAZ 807,stem,0.005
P.auriculata,11/12/12,CAZ 208,new leaf,0.13714
P.auriculata,11/12/12,CAZ 208,stem,0.76667
P.arbelaezii,11/12/12,CAZ 204,mature leaf,3.76134
P.ambigua,11/13/12,powerline,mature leaf,0.46652
P.ambigua,11/13/12,powerline,new leaf,0.04828
P.ambigua,11/13/12,powerline,old leaf,0.02643
P.ambigua,11/13/12,powerline,tendril,0.28311
P.ambigua,11/13/12,CES 131 n,mature leaf,1.52158
P.ambigua,11/13/12,CES 131 n,old leaf,0.14657
P.ambigua,11/13/12,CES 131 n,new leaf,5.05607
P.ambigua,11/13/12,CES 131 n,tendril,2.50702
P.ambigua,11/13/12,CES 131 n,stem,1.427
P.pittieri,11/13/12,lab,mature leaf,3.17137
P.pittieri,11/13/12,lab,new leaf,8.41518
P.pittieri,11/13/12,lab,old leaf,3.4592
P.ambigua,11/14/12,CES 868 n,tendril,0.04836
P.ambigua,11/14/12,CES 868 n,mature leaf,2.02158
P.ambigua,11/14/12,CES 868 n,old leaf,0.17791
P.ambigua,11/14/12,CES 868 n,new leaf,2.45277
P.ambigua,11/14/12,CES 868 n,stem,9.51786
P.vitifolia,11/14/12, CEN 685 s,new leaf,0.004
P.vitifolia,11/14/12, CEN 685 s,stem,0.00453
P.vitifolia,11/14/12, CEN 685 s,tendril,0.012
P.pittieri,11/14/12,CES 864 n,new leaf,0.59279
P.pittieri,11/14/12,CES 864 n,mature leaf,2.64063
P.pittieri,11/14/12,CES 864 n,old leaf,0.29351
P.pittieri,11/14/12,CES 864 n,stem,1.40978
P.biflora,11/14/12,behind dorm,new leaf,0.53933
P.biflora,11/14/12,behind dorm,mature leaf,0.2688
P.biflora,11/14/12,behind dorm,stem,0.50036
P.costaricensis,11/16/12,SP 2,mature leaf,7.55432
P.costaricensis,11/16/12,SP 2,old leaf,9.2168
P.costaricensis,11/16/12,SP 2,new leaf,12.95026
P.costaricensis,11/16/12,SP 2,stem,4.96528
P.menispermifolia,11/17/12,STR 703 n,new leaf,2.07817
P.menispermifolia,11/17/12,STR 703 n,mature leaf,3.98564
P.menispermifolia,11/17/12,STR 703 n,old leaf,2.10534
P.menispermifolia,11/17/12,STR 703 n,stem,4.00769
P.coriacea,11/17/12,STR 10062 s,old leaf,0.00919
P.ambigua,11/21/12,powerline,new leaf,0.25452
P.ambigua,11/21/12,powerline,old leaf,0.09283
P.ambigua,11/21/12,powerline,mature leaf,0.20696
P.ambigua,11/22/12,SUR -32 s,new leaf,9.51786
P.ambigua,11/22/12,SUR -32 s,mature leaf,7.83805
P.auriculata,11/22/12,boat ramp,mature leaf,0.01833
P.biflora,11/22/12,SAZ 600 s,new leaf,0.213
P.biflora,11/22/12,SAZ 600 s,new leaf,0.2016
P.biflora,11/22/12,SAZ 600 s,new leaf,0.1596
P.pittieri,11/23/12,SOR 203,new leaf,8.04375
P.pittieri,11/23/12,SOR 203,mature leaf,5.38644
P.pittieri,11/23/12,SOR 203,old leaf,6.51451
P.auriculata,11/23/12,SP2,new leaf,0.40901
P.auriculata,11/23/12,SP2,mature leaf,0.25232
P.auriculata,11/23/12,SP2,old leaf,0.02065
P.biflora,11/23/12,SP2,new leaf,0.82991
P.biflora,11/23/12,SP2,new leaf,1.22842
P.biflora,11/23/12,SP2,mature leaf,0.03246
P.costaricensis,11/23/12,SP1,new leaf,5.66574
P.costaricensis,11/23/12,SP1,mature leaf,4.65115
P.oerstedii,11/24/12,SP 2,fruit,0.003
P.costaricensis,11/24/12,SP1,mature leaf,6.1875
P.costaricensis,11/24/12,SP1,new leaf,4.12054
P.costaricensis,11/24/12,SP1,old leaf,9.63973
P.costaricensis,11/24/12,SP1,fruit,2.41554
P.oerstedii,11/25/12,inner/outer powerline,new leaf,0.01388
P.oerstedii,11/25/12,inner/outer powerline,mature leaf,0.003
P.oerstedii,11/25/12,inner/outer powerline,old leaf,0.003
P.oerstedii,11/25/12,inner/outer powerline,mature leaf,0.002
P.menispermifolia,11/25/12,outer gate parking,new leaf,8.64732
P.menispermifolia,11/25/12,outer gate parking,mature leaf,2.73597
P.auriculata,11/25/12,outer gate powerline,mature leaf,0.19488
P.auriculata,11/25/12,outer gate powerline,mature leaf,0.119
P.auriculata,11/25/12,outer gate powerline,mature leaf,0.02933
P.auriculata,11/26/12,outer gate,new leaf,0.08014
P.coriacea,11/26/12,SAZ end n,mature leaf,0.058
P.coriacea,11/26/12,SAZ end n,mature leaf,0.058
P.coriacea,11/26/12,SAZ end s,new leaf,0.091
P.coriacea,11/26/12,SAZ end n,mature leaf,0.008
P.auriculata,11/27/12,SP1-5,mature leaf,0.01306
P.auriculata,11/27/12,SP1-5,mature leaf,0.18379
P.auriculata,11/27/12,SP1-5,mature leaf,0.09055
P.auriculata,11/27/12,SP1-5,mature leaf,0.003
P.auriculata,11/27/12,SP1-5,mature leaf,0.36262
P.auriculata,11/27/12,SP1-5,mature leaf,0.03144
P.auriculata,11/27/12,SP1-5,mature leaf,0.003
P.auriculata,11/27/12,SP1-5,mature leaf,0.014
P.auriculata,11/27/12,SP1-5,mature leaf,0.19867
P.auriculata,11/27/12,SP1-5,mature leaf,0.0155
P.auriculata,11/27/12,SP1-5,mature leaf,0.01129
P.auriculata,11/27/12,SP1-5,mature leaf,0.01259
P.auriculata,11/27/12,SP1-5,mature leaf,0.03547
P.auriculata,11/27/12,SP1-5,mature leaf,0.03516
P.auriculata,11/27/12,SP1-5,mature leaf,0.05734
P.auriculata,11/27/12,SP1-5,mature leaf,0.03063
P.auriculata,11/27/12,SP1-5,mature leaf,0.01995
P.auriculata,11/27/12,SP1-5,mature leaf,0.16938
P.auriculata,11/28/12,Inner-outer gate area,mature leaf,0.02797
P.auriculata,11/28/12,Inner-outer gate area,mature leaf,0.09505
P.auriculata,11/28/12,Inner-outer gate area,mature leaf,0.03385
P.auriculata,11/28/12,Inner-outer gate area,mature leaf,0.61186
P.auriculata,11/28/12,Inner-outer gate area,mature leaf,0.02612
P.auriculata,11/28/12,Inner-outer gate area,mature leaf,0.168
P.auriculata,11/28/12,Inner-outer gate area,mature leaf,0.07187
P.auriculata,11/28/12,Inner-outer gate area,mature leaf,1.05801
P.auriculata,11/28/12,Inner-outer gate area,mature leaf,0.04766
P.auriculata,11/28/12,Inner-outer gate area,mature leaf,0.08479
P.biflora,11/28/12,Inner gate area,mature leaf,0.43048
P.auriculata,12/1/12,SP4,mature leaf,0.20493
P.auriculata,12/1/12,SP3,mature leaf,0.04119
P.pittieri,12/6/12,STR 2184 s,old leaf,0.43378
P.pittieri,12/8/12,lab clearing,mature leaf,5.66574
P.pittieri,12/8/12,lab clearing,stem,0.128
P.pittieri,12/8/12,lab clearing,stem,0.23214
P.ambigua,12/9/12,SOR 530 n Fat Y FB,mature leaf,0.99119
P.ambigua,12/9/12,SEDR 3 s,mature leaf,1.54688
P.auriculata,12/9/12,SP4 sara ovip plant,new leaf,0.3179
P.menispermifolia,12/13/12,DSA Y +31m,mature leaf,5.38074
P.menispermifolia,12/13/12,DSA 60m below gate,mature leaf,3.27036
P.auriculata,12/13/12,SAZ 640 s many YYL,mature leaf,0.012
P.biflora,12/13/12,SAZ 640 s many YYL,mature leaf,0.038
P.biflora,12/13/12,DSA nr. Gate Blu FB,mature leaf,0.039
P.auriculata,12/16/12,AUR (FB boat ramp),mature leaf,0.014
P.biflora,12/16/12,BI (FB boat ramp),mature leaf,0.08
P.biflora,12/16/12,BI (noFB gate area),mature leaf,0.147
P.biflora,12/16/12,BI (noFB comedor),mature leaf,0.018
P.auriculata,12/16/12,AUR (no FB),mature leaf,0.032
P.biflora,12/20/12,BI SAZ end,new leaf,0.03547
P.coriacea,12/20/12,COR SAZ end #3,new leaf,0.147
P.coriacea,12/20/12,COR SAZ end #3,mature leaf,0.174
P.coriacea,12/20/12,COR SAZ end #3,new leaf,0.975
P.coriacea,12/20/12,COR SAZ end #3,mature leaf,0.058
P.coriacea,12/20/12,COR SAZ end #2,new leaf,1.683
P.coriacea,12/20/12,COR SAZ end #2,mature leaf,0.022
P.coriacea,12/20/12,COR SAZ end #1,mature leaf,1.897
P.coriacea,12/20/12,COR SAZ end #1,new leaf,1.497
P.pittieri,12/26/12,CES859n,new leaf,0.4332
P.pittieri,12/26/12,CES859n (bigger sample),new leaf,1.35946
P.biflora,12/30/12,SP2 (FB plant),new leaf,0.011
P.biflora,12/31/12,STR 2739s,new leaf,1.07366
P.biflora,12/31/12,AM junction,new leaf,4.03302
P.biflora,12/31/12,AM junction,new leaf,0.168
P.ambigua,1/1/13,"AM ""S""",mature leaf,1.16343
P.ambigua,1/1/13,"AM ""S""",mature leaf,5.3006
P.menispermifolia,1/1/13,"AM ""S""",mature leaf,0.63839
P.menispermifolia,1/1/13,"AM ""S""",new leaf,5.02477
P.oerstedii,1/4/13,SAZ 807,new leaf,0.022
P.auriculata,1/4/13,boat ramp,new leaf,0.018
P.biflora,1/4/13,bridge n,new leaf,3.785
P.ambigua,1/10/13,SOR 350,new leaf,5.89963
P.menispermifolia,1/10/13,front gate,new leaf,7.64076
P.costaricensis,1/10/13,SP2,new leaf,21.38616
P.pittieri,1/29/13,lab clearing,new leaf,8.29911
P.pittieri,1/29/13,lab clearing,new leaf,5.10714
P.quadrangularis,1/30/13,SP4,new leaf,1.02698
P.quadrangularis,1/30/13,SP4,new leaf,2.32375
P.quadrangularis,1/30/13,SP4,new leaf,5.18452
P.quadrangularis,1/30/13,SP4,new leaf,0.19152
P.auriculata,1/30/13,SP5,new leaf,0.027
P.auriculata,1/30/13,SP5,new leaf,0.04859
P.auriculata,2/18/13,shadehouse,new leaf,3.0042
P.auriculata,2/18/13,shadehouse,new leaf,3.00045
P.auriculata,2/18/13,shadehouse,new leaf,8.36631
P.biflora,2/18/13,inner gate area,new leaf,0.12
P.biflora,2/18/13,inner gate area,new leaf,1.63145
P.biflora,2/18/13,inner gate area,new leaf,0.3192
P.biflora,2/18/13,inner gate area,new leaf,0.66204
P.biflora,2/18/13,shadehouse,new leaf,2.78713
P.ambigua,2/22/13,CES 131 n,new leaf,6.16295
P.arbelaezii,2/22/13,Ped larva lived,mature leaf,6.52073
P.arbelaezii,2/22/13,Ped larva died,mature leaf,13.64565
P.biflora,2/26/13,inner gate area lab trial,new leaf,0.192
P.costaricensis,2/26/13,SP 2 lab trial,new leaf,0.798
P.coriacea,2/26/13,SAZ hill lab trial,new leaf,0.021
P.auriculata,3/2/13,boat ramp,new leaf,0.012
P.auriculata,3/2/13,boat ramp,new leaf,0.024
P.biflora,3/6/13,SAZ 640 n,new leaf,2.32143
P.biflora,3/6/13,SAZ 640 n,mature leaf,6.40327
P.biflora,3/7/13,SAZ 640 n,new leaf,0.064
P.biflora,3/7/13,SAZ 640 n,new leaf,0.066
P.biflora,3/7/13,SAZ 640 n,new leaf,0.2964
P.biflora,3/7/13,SAZ 640 n,new leaf,1.03739
P.biflora,3/7/13,SAZ 640 n,new leaf,1.63429
P.biflora,3/7/13,SAZ 640 n,mature leaf,2.78571
P.biflora,3/7/13,SAZ 640 n,mature leaf,3.31964
P.biflora,3/7/13,SAZ 640 n,mature leaf,4.77021
P.biflora,3/7/13,SAZ 640 n,stem,0.50574
P.biflora,3/7/13,SAZ 640 n,stem,0.06384
P.biflora,3/7/13,SAZ 640 n,mature leaf,0.16
P.biflora,3/7/13,SAZ 640 n,mature leaf,0.137
P.biflora,3/7/13,SAZ 640 n,mature leaf,0.174
P.biflora,3/7/13,SAZ 640 n,mature leaf,0.047
P.biflora,3/7/13,SAZ 640 n,mature leaf,0.05
P.biflora,3/7/13,SAZ 640 n,mature leaf,0.04
P.biflora,3/7/13,SAZ 640 n,mature leaf,0.052
P.biflora,3/7/13,SAZ 640 n,mature leaf,0.039
P.biflora,3/7/13,SAZ 640 n,mature leaf,0.052
P.biflora,3/7/13,SAZ 640 n,stem,0.046
P.biflora,3/7/13,SAZ 640 n,mature leaf,0.038
P.biflora,3/7/13,SAZ 640 n,mature leaf,0.043
P.biflora,3/7/13,SAZ 640 n,mature leaf,0.044
P.biflora,3/7/13,SAZ 640 n,mature leaf,0.05
P.biflora,3/7/13,SAZ 640 n,mature leaf,0.053
P.biflora,3/7/13,SAZ 640 n,mature leaf,0.056
P.biflora,3/7/13,SAZ 640 n,stem,0.032
P.biflora,3/7/13,SAZ 640 n,stem,0.038
P.biflora,3/7/13,SAZ 640 n,stem,0.07344
P.biflora,3/8/13,comedor coll. 0630,new leaf,8.26155
P.biflora,3/8/13,comedor coll. 0630,new leaf,0.67031
P.biflora,3/8/13,comedor coll. 0630,mature leaf,0.08327
P.biflora,3/8/13,comedor coll. 1900,new leaf,4.44674
P.biflora,3/8/13,comedor coll. 1900,new leaf,0.304
P.ambigua,3/9/13,lab powerline,new leaf,1.57561
P.ambigua,3/9/13,lab powerline,new leaf,0.73996
P.ambigua,3/9/13,lab powerline,new leaf,0.4368
P.ambigua,3/9/13,lab powerline,new leaf,0.52833
P.ambigua,3/9/13,lab powerline,new leaf,0.44252
P.ambigua,3/9/13,lab powerline,new leaf,0.36012
P.ambigua,3/9/13,lab powerline,mature leaf,0.10449
P.biflora,3/9/13,comedor coll. 0630 + 24,new leaf,2.94643
P.biflora,3/9/13,comedor coll. 0630 + 24,mature leaf,0.133
P.ambigua,3/10/13,lab powerline,new leaf,1.70672
P.ambigua,3/10/13,lab powerline,new leaf,0.72808
P.ambigua,3/10/13,lab powerline,new leaf,0.57508
P.ambigua,3/10/13,lab powerline,new leaf,2.95041
P.ambigua,3/10/13,lab powerline,new leaf,0.58036
P.ambigua,3/10/13,lab powerline,old leaf,0.07591
P.ambigua,3/10/13,lab powerline,new leaf,0.89621
P.ambigua,3/10/13,lab powerline,new leaf,0.78026
P.ambigua,3/10/13,lab powerline,new leaf,0.59279
P.ambigua,3/10/13,lab powerline,new leaf,0.52017
P.ambigua,3/10/13,lab powerline,new leaf,0.83937
P.ambigua,3/10/13,lab powerline,new leaf,0.72239
P.ambigua,3/10/13,lab powerline,new leaf,0.6569
P.ambigua,3/10/13,lab powerline,mature leaf,0.16198
P.ambigua,3/10/13,lab powerline,mature leaf,0.29831
P.ambigua,3/10/13,lab powerline,mature leaf,0.51975
P.biflora,3/10/13,comedor 1300+48,new leaf,7.80258
P.biflora,3/10/13,comedor 1300+48,new leaf,11.85587
P.ambigua,3/11/13,lab powerline,new leaf,2.0028
P.ambigua,3/11/13,lab powerline,new leaf,1.44932
P.ambigua,3/11/13,lab powerline,new leaf,1.96694
P.ambigua,3/11/13,lab powerline,new leaf,1.01079
P.ambigua,3/11/13,lab powerline,new leaf,0.65198
P.ambigua,3/11/13,lab powerline,new leaf,0.93924
P.ambigua,3/11/13,lab powerline,mature leaf,0.68095
P.ambigua,3/11/13,lab powerline,mature leaf,0.76706
P.ambigua,3/11/13,lab powerline,mature leaf,1.61923
P.ambigua,3/11/13,lab powerline,mature leaf,0.48877
P.ambigua,3/11/13,lab powerline,mature leaf,0.64668
P.ambigua,3/11/13,lab powerline,mature leaf,1.1599
P.pittieri,3/15/13,SOR 203 n,new leaf,4.91563
P.pittieri,3/15/13,SOR 203 n,new leaf,5.84946
P.pittieri,3/15/13,SOR 203 n,new leaf,9.69559
P.pittieri,3/15/13,SOR 203 n,new leaf,12.07626
P.pittieri,3/15/13,SOR 203 n,new leaf,14.50064
P.pittieri,3/15/13,SOR 203 n,new leaf,8.00119
P.pittieri,3/15/13,SOR 203 n,new leaf,17.875
P.pittieri,3/15/13,SOR 203 n,new leaf,20.58817
P.pittieri,3/15/13,SOR 203 n,mature leaf,11.32083
P.pittieri,3/15/13,SOR 203 n,mature leaf,8.63708
P.pittieri,3/15/13,SOR 203 n,mature leaf,11.93304
P.pittieri,3/15/13,SOR 203 n,mature leaf,12.96429
P.pittieri,3/15/13,SOR 203 n,mature leaf,7.90625
P.pittieri,3/15/13,SOR 203 n,mature leaf,11
P.pittieri,3/15/13,SOR 203 n,mature leaf,15.14732
P.pittieri,3/15/13,SOR 203 n,mature leaf,11.76467
P.pittieri,3/15/13,SOR 203 n,mature leaf,13.63839
P.pittieri,3/15/13,SOR 203 n,old leaf,6.87211
P.pittieri,3/15/13,SOR 203 n,old leaf,9.0971
P.pittieri,3/15/13,SOR 203 n,old leaf,11.56618
P.pittieri,3/16/13,lab clearing,new leaf,5.48438
P.pittieri,3/16/13,lab clearing,new leaf,5.45536
P.pittieri,3/16/13,lab clearing,new leaf,5.02734
P.pittieri,3/16/13,lab clearing,new leaf,5.70298
P.pittieri,3/16/13,lab clearing,new leaf,7.44127
P.pittieri,3/16/13,lab clearing,new leaf,9.40565
P.pittieri,3/16/13,lab clearing,new leaf,9.75829
P.pittieri,3/16/13,lab clearing,new leaf,11.17188
P.pittieri,3/16/13,lab clearing,new leaf,11.64307
P.pittieri,3/16/13,lab clearing,new leaf,13.25604
P.pittieri,3/16/13,lab clearing,new leaf,14.74688
P.pittieri,3/16/13,lab clearing,new leaf,9.92411
P.coriacea,3/21/13,inner power line,new leaf,0.23121
P.coriacea,3/21/13,inner power line,new leaf,0.1079
P.coriacea,3/21/13,inner power line,new leaf,0.42134
P.coriacea,3/21/13,inner power line,new leaf,0.13058
P.coriacea,3/21/13,inner power line,new leaf,0.01859
P.coriacea,3/21/13,inner power line,new leaf,0.009
P.coriacea,3/21/13,inner power line,fruit,0.012
P.vitifolia,3/23/13,SOR 420,fruit,0.106
P.vitifolia,3/23/13,SOR 420,fruit,0.4281
P.vitifolia,3/23/13,SOR 420,fruit,2.21141
P.vitifolia,3/23/13,SOR 420,fruit,0.017
P.vitifolia,3/23/13,SOR 420,fruit,0.66513
P.vitifolia,3/23/13,SOR 420,fruit,0.07452
P.coriacea,3/24/13,inner power line,new leaf,0.87852
P.coriacea,3/24/13,inner power line,new leaf,0.9271
P.biflora,3/26/13,AM,new leaf,8.5119
P.biflora,3/26/13,AM,new leaf,7.02232
P.biflora,3/26/13,AM,new leaf,5.45536
P.biflora,3/26/13,AM,new leaf,4.51786
P.biflora,3/26/13,AM,new leaf,3.34518
P.biflora,3/26/13,AM,new leaf,3.53776
P.biflora,3/26/13,AM,fruit,0.04
P.biflora,3/26/13,AM,fruit,0.66499
P.biflora,3/26/13,AM,fruit,1.88616
P.arbelaezii,3/30/13,mystery fruit from CCL430,fruit,0.47324
P.pittieri,3/31/13,PIT lab dried,new leaf,0.106
P.lobata,3/31/13,LOB ,new leaf,0.001
P.lobata,3/31/13,LOB ,stem,0.001
P.oerstedii,4/2/13,OER bridge,new leaf,0.01251
P.menispermifolia,4/2/13,MEN inner power line,fruit,1.11924
P.arbelaezii,4/2/13,ARB #B hecale host,new leaf,3.30804
P.ambigua,4/5/13,shadehouse AMB,root,1.91003
P.oerstedii,4/5/13,shadehouse OER,root,0.15148
P.menispermifolia,4/5/13,shadehouse MEN,root,0.213
P.menispermifolia,4/5/13,shadehouse MEN,root,0.77519
P.vitifolia,4/5/13,shadehouse VIT,root,0.09891
P.quadrangularis,4/5/13,shadehouse QUA,root,1.19893
P.pittieri,4/5/13,shadehouse PIT,root,0.0399
P.lobata,4/5/13,shadehouse LOB,root,0.096
P.lobata,4/5/13,shadehouse LOB,root,0.01133
P.auriculata,4/5/13,shadehouse AUR,root,5.98493
P.biflora,4/5/13,shadehouse BI,root,0.29464
P.biflora,4/5/13,shadehouse BI,root,0.54263
P.arbelaezii,4/5/13,shadehouse ARB,root,0.80863
P.costaricensis,4/5/13,shadehouse COS,root,0.4389
P.coriacea,4/5/13,shadehouse COR,root,2.55357
P.oerstedii,11/7/13,OER bridge; shadehouse stressed; cage C,mature leaf,0.006
P.oerstedii,11/7/13,OER bridge; shadehouse stressed; cage C,mature leaf,0.01
P.vitifolia,11/7/13,VIT SP; shadehouse stressed; cage E,mature leaf,0.043
P.vitifolia,11/7/13,VIT SP; shadehouse stressed; cage E,mature leaf,0.023
P.lobata,11/7/13,LOB SUR 365; shadehouse stressed; cage B,mature leaf,0.015
P.lobata,11/7/13,LOB SUR 365; shadehouse stressed; cage B,mature leaf,0.011
P.auriculata,11/7/13,"AUR ""G"" outer gate; shadehouse stressed; cage A",mature leaf,0.66879
P.auriculata,11/7/13,"AUR ""G"" outer gate; shadehouse stressed; cage A",mature leaf,0.3192
P.auriculata,11/7/13,AUR outer gate; shadehouse stressed; cage D,mature leaf,0.02
P.auriculata,11/7/13,AUR outer gate; shadehouse stressed; cage D,mature leaf,0.066
P.auriculata,11/7/13,AUR outer gate; shadehouse stressed; cage D,mature leaf,0.019
P.costaricensis,11/7/13,COS SP; shadehouse stressed; red lvs; #12,old leaf,0.077
P.costaricensis,11/7/13,COS SP; shadehouse stressed; reddish green lvs; #6,mature leaf,2.79193
P.costaricensis,11/7/13,COS SP; shadehouse stressed; green lvs; #2,new leaf,6.44777
P.ambigua,11/8/13,AMB SOR1; shadehouse stressed,mature leaf,5.92287
P.ambigua,11/8/13,AMB garden,new leaf,3.37202
P.ambigua,11/8/13,AMB garden,new leaf,4.19515
P.ambigua,11/8/13,AMB garden,mature leaf,2.81773
P.menispermifolia,11/8/13,MEN D old gate; shadehouse stressed,mature leaf,3.98281
P.pittieri,11/8/13,PIT A SOR220; shadehouse stressed,mature leaf,5.79464
P.auriculata,11/8/13,AUR garden,new leaf,0.46429
P.auriculata,11/8/13,AUR garden,mature leaf,0.46773
P.auriculata,11/8/13,AUR garden,mature leaf,0.25583
P.biflora,11/8/13,BI bridge; shadehouse stressed,mature leaf,0.17411
P.arbelaezii,11/8/13,ARB CAZ108; shadehouse stressed,mature leaf,4.11409
P.coriacea,11/8/13,COR SAZ end; shadehouse stressed,mature leaf,0.034
P.quadrangularis,11/10/13,QUA garden,new leaf,1.7142
P.quadrangularis,11/10/13,QUA garden,new leaf,2.142
P.quadrangularis,11/10/13,QUA garden,new leaf,2.72381
P.quadrangularis,11/10/13,QUA garden,new leaf,2.07046
P.quadrangularis,11/10/13,QUA garden,new leaf,0.93986
P.quadrangularis,11/10/13,QUA garden,mature leaf,0.37649
P.costaricensis,11/10/13,COS garden,new leaf,3.86396
P.costaricensis,11/10/13,COS garden,new leaf,4.93304
P.costaricensis,11/10/13,COS garden,new leaf,8.00119
P.costaricensis,11/10/13,COS garden,new leaf,6.41295
P.costaricensis,11/10/13,COS garden,new leaf,6.68793
P.costaricensis,11/10/13,COS garden,new leaf,6.32589
P.menispermifolia,11/11/13,MEN garden,new leaf,3.32405
P.menispermifolia,11/11/13,MEN garden,new leaf,4.58697
P.menispermifolia,11/11/13,MEN garden,new leaf,5.35123
P.menispermifolia,11/11/13,MEN garden,new leaf,6.30413
P.menispermifolia,11/11/13,MEN garden,new leaf,5.26674
P.menispermifolia,11/11/13,MEN garden,new leaf,8.5727
P.menispermifolia,11/11/13,MEN garden,mature leaf,5.94713
P.menispermifolia,11/11/13,MEN garden,mature leaf,5.5221
P.menispermifolia,11/11/13,MEN garden,mature leaf,8.09961
P.arbelaezii,11/11/13,ARB garden,new leaf,4.53259
P.arbelaezii,11/11/13,ARB garden,new leaf,6.24206
P.arbelaezii,11/11/13,ARB garden,new leaf,5.89286
P.arbelaezii,11/11/13,ARB garden,new leaf,3.12813
P.arbelaezii,11/11/13,ARB garden,new leaf,4.85179
P.arbelaezii,11/11/13,ARB garden,new leaf,3.08557
P.arbelaezii,11/11/13,ARB garden,new leaf,3.67076
P.arbelaezii,11/11/13,ARB garden,new leaf,3.93676
P.arbelaezii,11/11/13,ARB garden,new leaf,4.76917
P.auriculata,11/13/13,AUR boat ramp; lvs eaten 4 Blu & 2 YYL,new leaf,0.03909
P.auriculata,11/13/13,AUR boat ramp; lvs eaten 4 Blu & 2 YYL,new leaf,0.03145
P.auriculata,11/13/13,AUR boat ramp; lvs eaten 4 Blu & 2 YYL,new leaf,0.02935
P.coriacea,11/14/13,COR SAZ end no FB,new leaf,1.915
P.coriacea,11/14/13,COR SAZ end no FB,mature leaf,0.023
P.coriacea,11/14/13,COR SAZ end no FB,old leaf,0.026
P.coriacea,11/14/13,COR FLA4 FB damage,new leaf,0.023
P.coriacea,11/14/13,COR FLA4 FB damage,old leaf,0.013
P.coriacea,11/15/13,COR FLA4 no FB,new leaf,0.035
P.coriacea,11/15/13,COR FLA4 no FB,mature leaf,0.012
P.coriacea,11/15/13,COR FLA4 no FB,old leaf,0.017
P.auriculata,11/17/13,AUR garden 0h,new leaf,0.1651
P.auriculata,11/17/13,AUR garden 0h,new leaf,0.09673
P.auriculata,11/17/13,AUR garden 0h,new leaf,0.19345
P.auriculata,11/17/13,AUR garden 0h,new leaf,0.3344
P.auriculata,11/17/13,AUR garden 0h,new leaf,0.60582
P.auriculata,11/17/13,AUR garden 0h,new leaf,0.82721
P.auriculata,11/18/13,AUR garden 24h,new leaf,0.0399
P.auriculata,11/18/13,AUR garden 24h,new leaf,0.0665
P.auriculata,11/18/13,AUR garden 24h,new leaf,0.20499
P.auriculata,11/18/13,AUR garden 24h,new leaf,0.33338
P.auriculata,11/18/13,AUR garden 24h,new leaf,0.58429
P.auriculata,11/18/13,AUR garden 24h,new leaf,0.35147
P.auriculata,11/18/13,AUR garden alt 24h,new leaf,0.04119
P.auriculata,11/18/13,AUR garden alt 24h,new leaf,0.03547
P.auriculata,11/18/13,AUR garden alt 24h,new leaf,0.06953
P.auriculata,11/18/13,AUR garden alt 24h,new leaf,0.14395
P.auriculata,11/18/13,AUR garden alt 24h,new leaf,0.37772
P.auriculata,11/18/13,AUR garden alt 24h,new leaf,0.55275
P.auriculata,11/19/13,AUR garden 48h,new leaf,0.03627
P.auriculata,11/19/13,AUR garden 48h,new leaf,0.0587
P.auriculata,11/19/13,AUR garden 48h,new leaf,0.18315
P.auriculata,11/19/13,AUR garden 48h,new leaf,0.29103
P.auriculata,11/19/13,AUR garden 48h,new leaf,0.45814
P.auriculata,11/19/13,AUR garden 48h,new leaf,0.45139
P.auriculata,11/19/13,AUR garden alt 48h,new leaf,0.02554
P.auriculata,11/19/13,AUR garden alt 48h,new leaf,0.10542
P.auriculata,11/19/13,AUR garden alt 48h,new leaf,0.2164
P.auriculata,11/19/13,AUR garden alt 48h,new leaf,0.4032
P.auriculata,11/19/13,AUR garden alt 48h,new leaf,0.70153
P.coriacea,11/22/13,COR garden 0h,new leaf,2.374
P.coriacea,11/22/13,COR garden 0h,new leaf,1.087
P.coriacea,11/22/13,COR garden 0h,new leaf,1.081
P.coriacea,11/22/13,COR garden 1.5h,new leaf,1.53036
P.coriacea,11/23/13,COR garden 24h,new leaf,1.62662
P.coriacea,11/23/13,COR garden 24h,new leaf,1.36855
P.coriacea,11/23/13,COR garden 24h,new leaf,1.96222
P.coriacea,11/23/13,COR garden 24h,new leaf,2.44015
P.coriacea,11/23/13,COR garden alt 24h,new leaf,2.85399
P.coriacea,11/23/13,COR garden alt 24h,new leaf,2.152
P.coriacea,11/23/13,COR garden alt 24h,new leaf,2.12303
P.coriacea,11/23/13,COR garden alt 24h,new leaf,2.28247
P.coriacea,11/24/13,COR garden 48h,new leaf,1.81508
P.coriacea,11/24/13,COR garden 48h,new leaf,2.20106
P.coriacea,11/24/13,COR garden alt 48h,new leaf,3.71898
P.coriacea,11/24/13,COR garden alt 48h,new leaf,2.19847
P.coriacea,11/24/13,COR garden old intact,old leaf,1.26878
P.coriacea,11/24/13,COR garden old intact,old leaf,1.14637
P.coriacea,11/24/13,COR garden old intact,old leaf,1.17401
P.coriacea,11/24/13,COR garden old intact,old leaf,1.39005
P.biflora,11/25/13,BI garden 0h,new leaf,4.14955
P.biflora,11/25/13,BI garden 0h,new leaf,3.40476
P.biflora,11/25/13,BI garden 0h,new leaf,2.50446
P.biflora,11/25/13,BI garden 0h,new leaf,2.07088
P.biflora,11/25/13,BI garden 0h,new leaf,1.46594
P.biflora,11/25/13,BI garden 0h,new leaf,1.34772
P.biflora,11/26/13,BI garden 24h,new leaf,3.55676
P.biflora,11/26/13,BI garden 24h,new leaf,2.55357
P.biflora,11/26/13,BI garden 24h,new leaf,2.95982
P.biflora,11/26/13,BI garden 24h,new leaf,3.11458
P.biflora,11/26/13,BI garden 24h,new leaf,1.60986
P.biflora,11/26/13,BI garden 24h,new leaf,1.74864
P.biflora,11/26/13,BI garden alt 24h,new leaf,3.51858
P.biflora,11/26/13,BI garden alt 24h,new leaf,3.18199
P.biflora,11/26/13,BI garden alt 24h,new leaf,2.6245
P.biflora,11/26/13,BI garden alt 24h,new leaf,2.11582
P.biflora,11/26/13,BI garden alt 24h,new leaf,1.66691
P.biflora,11/26/13,BI garden alt 24h,new leaf,1.51323
P.biflora,11/27/13,BI garden 48h,new leaf,4.82785
P.biflora,11/27/13,BI garden 48h,new leaf,2.99554
P.biflora,11/27/13,BI garden 48h,new leaf,2.56953
P.biflora,11/27/13,BI garden 48h,new leaf,2.145
P.biflora,11/27/13,BI garden 48h,new leaf,1.4792
P.biflora,11/27/13,BI garden 48h,new leaf,0.91199
P.biflora,11/27/13,BI garden alt 48h,new leaf,3.88508
P.biflora,11/27/13,BI garden alt 48h,new leaf,2.92317
P.biflora,11/27/13,BI garden alt 48h,new leaf,2.0581
P.biflora,11/27/13,BI garden alt 48h,new leaf,1.37758
P.biflora,11/27/13,BI garden alt 48h,new leaf,1.69088
P.biflora,11/27/13,BI garden alt 48h,new leaf,1.36384
P.biflora,11/28/13,BI garden,mature leaf,4.00446
P.biflora,11/28/13,BI garden,mature leaf,2.62197
P.biflora,11/28/13,BI garden,mature leaf,2.7914
P.biflora,11/28/13,BI garden,mature leaf,3.73916
P.biflora,11/28/13,BI garden,mature leaf,2.97433
P.biflora,11/28/13,BI garden,mature leaf,4.17083
P.biflora,1/14/14,BI garden,new leaf,2.61741
P.biflora,1/14/14,BI garden,new leaf,1.22359
P.biflora,1/14/14,BI garden,new leaf,2.52582
P.biflora,1/14/14,BI garden,new leaf,3.09621
P.biflora,1/14/14,BI garden,new leaf,2.70378
P.biflora,1/14/14,BI garden,new leaf,3.06429
P.biflora,1/14/14,BI garden,mature leaf,2.55357
P.biflora,1/14/14,BI garden,mature leaf,2.46845
P.biflora,1/14/14,BI garden,mature leaf,2.30948
P.quadrangularis,1/15/14,QUA garden,new leaf,1.08036
P.quadrangularis,1/15/14,QUA garden,new leaf,0.74017
P.quadrangularis,1/15/14,QUA garden,new leaf,0.99667
P.quadrangularis,1/15/14,QUA garden,new leaf,0.57337
P.quadrangularis,1/15/14,QUA garden,new leaf,0.64845
P.quadrangularis,1/15/14,QUA garden,mature leaf,0.6754
P.biflora,1/15/14,BI garden 24h,new leaf,3.48456
P.biflora,1/15/14,BI garden 24h,new leaf,3.65425
P.biflora,1/15/14,BI garden 24h,new leaf,2.78571
P.biflora,1/15/14,BI garden 24h,new leaf,3.00512
P.biflora,1/15/14,BI garden 24h,new leaf,3.52994
P.biflora,1/15/14,BI garden 24h,mature leaf,2.26526
P.biflora,1/15/14,BI garden 24h,mature leaf,2.31764
P.biflora,1/15/14,BI garden 24h,mature leaf,2.12363
P.biflora,1/15/14,BI garden 24h,mature leaf,1.7582
P.biflora,1/15/14,BI garden 24h,new leaf,2.64477
P.biflora,1/15/14,BI garden 24h,new leaf,2.12798
P.biflora,1/15/14,BI garden 24h,new leaf,2.97252
P.biflora,1/15/14,BI garden 24h,new leaf,2.50797
P.biflora,1/15/14,BI garden 24h,new leaf,3.39901
P.biflora,1/15/14,BI garden 24h,mature leaf,1.81942
P.biflora,1/15/14,BI garden 24h,mature leaf,2.17634
P.biflora,1/15/14,BI garden 24h,mature leaf,2.14571
P.biflora,1/15/14,BI garden 24h,mature leaf,1.75149
P.biflora,1/16/14,BI garden 48h,new leaf,2.27693
P.biflora,1/16/14,BI garden 48h,new leaf,2.57037
P.biflora,1/16/14,BI garden 48h,new leaf,2.18878
P.biflora,1/16/14,BI garden 48h,mature leaf,1.94878
P.biflora,1/16/14,BI garden 48h,mature leaf,1.5139
P.biflora,1/16/14,BI garden 48h,mature leaf,1.46979
P.biflora,1/16/14,BI garden 48h,new leaf,1.33482
P.biflora,1/16/14,BI garden 48h,new leaf,2.23438
P.biflora,1/16/14,BI garden 48h,new leaf,2.06638
P.biflora,1/16/14,BI garden 48h,mature leaf,0.97279
P.biflora,1/16/14,BI garden 48h,mature leaf,1.88998
P.biflora,1/16/14,BI garden 48h,mature leaf,1.20585
P.ambigua,2/6/14,NIT? STR 1450,old leaf,0.20832
P.ambigua,2/6/14,NIT? STR 1450,new leaf,0.19463
P.ambigua,2/6/14,NIT? STR 1450,new leaf,0.31443
P.pittieri,2/8/14,PIT SUR 914s,mature leaf,11.59747
P.pittieri,2/8/14,PIT SUR 914s,mature leaf,24.44909
P.ambigua,2/15/14,AMB garden ,new leaf,0.77381
P.ambigua,2/15/14,AMB garden ,new leaf,0.4104
P.ambigua,2/15/14,AMB garden ,new leaf,1.15801
P.ambigua,2/15/14,AMB garden ,new leaf,0.35466
P.ambigua,2/15/14,AMB garden ,new leaf,0.61179
P.ambigua,2/15/14,AMB garden ,new leaf,0.69159
P.ambigua,2/15/14,AMB garden ,new leaf,0.1824
P.ambigua,2/15/14,AMB garden ,new leaf,0.25781
P.ambigua,2/15/14,AMB garden ,mature leaf,0.68482
P.ambigua,2/17/14,AMB garden ,new leaf,0.38304
P.ambigua,2/17/14,AMB garden ,new leaf,0.1596
P.ambigua,2/17/14,AMB garden ,new leaf,0.217
P.ambigua,2/17/14,AMB garden ,new leaf,0.14941
P.ambigua,2/17/14,AMB garden ,new leaf,0.69272
P.ambigua,2/17/14,AMB garden ,new leaf,0.833
P.ambigua,2/17/14,AMB garden ,new leaf,1.15856
P.ambigua,2/17/14,AMB garden ,mature leaf,0.69643
P.ambigua,2/17/14,AMB garden ,mature leaf,1.132
P.ambigua,2/23/14,AMB garden ,new leaf,0.13362
P.ambigua,2/23/14,AMB garden ,new leaf,0.67595
P.ambigua,2/23/14,AMB garden ,new leaf,0.32571
P.ambigua,2/23/14,AMB garden ,new leaf,0.23451
P.ambigua,2/23/14,AMB garden ,new leaf,0.74888
P.ambigua,2/23/14,AMB garden ,mature leaf,0.88874
P.ambigua,2/23/14,AMB garden ,mature leaf,1.01515
P.ambigua,2/23/14,AMB garden ,mature leaf,0.92567
P.ambigua,2/23/14,AMB garden ,mature leaf,0.57581
P.auriculata,2/24/14,AUR garden,mature leaf,0.42779
P.auriculata,2/24/14,AUR garden,mature leaf,0.29965
P.auriculata,2/24/14,AUR garden,mature leaf,0.44688
P.auriculata,2/24/14,AUR garden,new leaf,0.2128
P.auriculata,2/24/14,AUR garden,new leaf,0.30179
P.auriculata,2/24/14,AUR garden,new leaf,0.15266
P.auriculata,2/24/14,AUR garden,new leaf,0.0815
P.auriculata,2/24/14,AUR garden,mature leaf,0.24155
P.auriculata,2/24/14,AUR garden,mature leaf,0.28306
P.auriculata,2/24/14,AUR garden,mature leaf,0.33469
P.auriculata,2/24/14,AUR garden,mature leaf,0.47999
P.auriculata,2/24/14,AUR garden,mature leaf,0.66537
P.ambigua,2/25/14,AMB garden - 10d,new leaf,0.14331
P.ambigua,2/25/14,AMB garden - 10d,new leaf,0.19812
P.ambigua,2/25/14,AMB garden - 10d,new leaf,0.68167
P.ambigua,2/25/14,AMB garden - 10d,mature leaf,0.2912
P.ambigua,2/25/14,AMB garden - 10d,mature leaf,0.49453
P.ambigua,2/25/14,AMB garden - 10d,mature leaf,1.138
P.ambigua,2/25/14,AMB garden - 10d,mature leaf,0.81714
P.ambigua,2/25/14,AMB garden - 10d,mature leaf,0.95759
P.ambigua,2/25/14,AMB garden - 10d,mature leaf,0.6087
P.quadrangularis,2/28/14,QUA garden lateral 4 cm2,new leaf,1.77838
P.quadrangularis,2/28/14,QUA garden lateral 4 cm2,new leaf,1.55267
P.quadrangularis,2/28/14,QUA garden lateral 4 cm2,new leaf,0.94401
P.quadrangularis,2/28/14,QUA garden lateral 4 cm2,new leaf,0.56875
P.quadrangularis,2/28/14,QUA garden lateral 4 cm2,new leaf,0.83162
P.quadrangularis,2/28/14,QUA garden lateral 4 cm2,mature leaf,1.06902
P.quadrangularis,2/28/14,QUA garden lateral 4 cm2,new leaf,2.02475
P.quadrangularis,2/28/14,QUA garden lateral 4 cm2,new leaf,1.69858
P.quadrangularis,2/28/14,QUA garden lateral 4 cm2,mature leaf,1.12972
P.quadrangularis,3/1/14,QUA garden 24h,new leaf,1.90853
P.quadrangularis,3/1/14,QUA garden 24h,new leaf,2.41087
P.quadrangularis,3/1/14,QUA garden 24h,new leaf,1.19529
P.quadrangularis,3/1/14,QUA garden 24h,new leaf,0.88011
P.quadrangularis,3/1/14,QUA garden 24h,new leaf,1.05599
P.quadrangularis,3/1/14,QUA garden 24h,new leaf,1.15675
P.quadrangularis,3/1/14,QUA garden 24h,new leaf,0.8271
P.quadrangularis,3/1/14,QUA garden 24h,new leaf,0.87483
P.quadrangularis,3/1/14,QUA garden 24h,mature leaf,1.38831
P.biflora,3/15/14,BI garden,mature leaf,0.46912
P.biflora,3/15/14,BI garden,mature leaf,0.4032
P.auriculata,9/16/14,AUR garden,mature leaf,0.18936
P.auriculata,9/16/14,AUR garden,new leaf,0.36918
P.auriculata,9/16/14,AUR garden,new leaf,0.83825
P.auriculata,9/17/14,AUR CAZ 400 w sara eggs,new leaf,0.22878
P.auriculata,9/17/14,AUR CAZ 500 w sara eggs,new leaf,0.06118
P.biflora,9/17/14,BI CAZ 100 YYL feeding,new leaf,3.39987
P.biflora,9/17/14,BI SAZ 1070 Dis+YYL,new leaf,2.01474
P.biflora,9/17/14,BI CAZ 100 no FB feeding,new leaf,3.70452
P.menispermifolia,9/18/14,MEN garden 11.4cm long,new leaf,6.30344
P.pittieri,9/18/14,PIT garden 12cm long,new leaf,6.19392
P.coriacea,9/18/14,COR garden 13cm long,new leaf,1.64261
P.arbelaezii,9/18/14,ARB garden 2.5cm long,new leaf,2.41529
P.quadrangularis,9/18/14,QUA garden 16cm long,new leaf,0.54766
P.auriculata,9/20/14,Aur. BD STR trail,new leaf,0.15154
P.auriculata,9/20/14,Aur. BD STR trail,new leaf,0.33107
P.auriculata,9/20/14,Aur. BD STR trail,new leaf,0.06723
P.auriculata,9/20/14,Aur. BD STR trail,new leaf,0.09534
P.auriculata,9/20/14,Aur. BD STR trail,new leaf,0.0097
P.auriculata,9/20/14,Aur. BD STR trail,new leaf,0.71464
P.auriculata,9/20/14,Aur. BD STR trail,new leaf,0.02972
P.auriculata,9/20/14,Aur. BD STR trail,new leaf,0.0186
P.auriculata,9/20/14,Aur. BD STR trail,new leaf,0.08495
P.auriculata,9/20/14,Aur. BD STR trail,new leaf,0.38434
P.auriculata,9/20/14,Aur. BD STR trail,new leaf,0.21292
P.auriculata,9/20/14,Aur. BD STR trail,new leaf,0.40467
P.auriculata,9/20/14,Aur. BD STR trail,new leaf,0.09475
P.auriculata,9/20/14,AUR SP3 FB ,new leaf,0.02591
P.auriculata,9/19/14,AUR FB herbivory 1,new leaf,0.09148
P.auriculata,9/19/14,AUR FB herbivory 2,new leaf,0.11603
P.auriculata,9/19/14,FB herbivory 1,new leaf,0.10851
P.auriculata,9/19/14,FB herbivory 2,new leaf,0.02598
P.auriculata,9/19/14,FB herbivory 3,new leaf,0.00907
P.auriculata,9/19/14,FB herbivory 4,new leaf,0.35002
P.auriculata,9/19/14,FB Herbivory 1,new leaf,0.03517
P.auriculata,9/19/14,FB Herbivory 5,new leaf,0.21157
P.auriculata,9/19/14,FB Herbivory 6,new leaf,0.04254
P.auriculata,9/20/14,Aur. Control STR trail,new leaf,0.23121
P.auriculata,9/20/14,Aur. Control STR trail,new leaf,0.1114
P.auriculata,9/20/14,Aur. Control STR trail,new leaf,0.27969
P.auriculata,9/20/14,Aur. Control STR trail,new leaf,0.13606
P.auriculata,9/20/14,Aur. Control STR trail,new leaf,0.38197
P.auriculata,9/20/14,Aur. Control STR trail,new leaf,0.10374
P.auriculata,9/20/14,Aur. Control STR trail,new leaf,0.05845
P.auriculata,9/20/14,Aur. Control STR trail,new leaf,0.10723
P.auriculata,9/20/14,Aur. Control STR trail,new leaf,0.15306
P.auriculata,9/20/14,Aur. Control STR trail,new leaf,0.0806
P.auriculata,9/20/14,Aur. Control STR trail,new leaf,0.12784
P.auriculata,9/20/14,Aur. Control STR trail,new leaf,0.01753
P.auriculata,9/20/14,Aur. Control STR trail,new leaf,0.09186
P.auriculata,9/20/14,Aur. Control STR trail,new leaf,0.06664
P.auriculata,9/20/14,Aur. Control STR trail,new leaf,0.01362
P.auriculata,9/20/14,Aur. Control STR trail,new leaf,0.00703
P.auriculata,9/20/14,AUR Control STR trail,new leaf,0.09851
P.auriculata,9/19/14,AUR control 1,new leaf,0.25306
P.auriculata,9/19/14,AUR control 2,new leaf,0.10249
P.auriculata,9/19/14,Control 1,new leaf,0.42973
P.auriculata,9/19/14,Control 2,new leaf,0.0574
P.auriculata,9/19/14,Control 3,new leaf,0.48605
P.auriculata,9/19/14,Control 1,new leaf,0.18468
P.auriculata,9/19/14,Control 2,new leaf,0.31027
P.auriculata,9/19/14,Control 3,new leaf,0.21981
P.auriculata,9/20/14,Aur. BFD STR trail,new leaf,0.07411
P.auriculata,9/20/14,Aur. BFD STR trail,new leaf,0.07561
P.auriculata,9/20/14,Aur. BFD STR trail,new leaf,0.29947
P.auriculata,9/20/14,Aur. BFD STR trail,new leaf,0.03675
P.auriculata,9/20/14,Aur. BFD STR trail,new leaf,0.20599
P.auriculata,9/20/14,AUR HB STR trail,new leaf,0.38327
P.auriculata,9/20/14,AUR HB STR trail,new leaf,0.16881
P.auriculata,9/20/14,AUR HB STR trail,new leaf,1.19605
P.auriculata,9/20/14,AUR HB STR trail,new leaf,0.17232
P.auriculata,9/20/14,AUR HB STR trail,new leaf,0.07411
P.auriculata,9/20/14,AUR HB STR trail,new leaf,0.08275
P.auriculata,9/20/14,AUR HB STR trail,new leaf,0.2996
P.auriculata,9/20/14,AUR STR trail HB,new leaf,0.11556
P.auriculata,9/20/14,AUR STR trail HB,new leaf,0.03211
P.auriculata,9/19/14,AUR H eggs 1,new leaf,0.10727
P.auriculata,9/19/14,H eggs 1,new leaf,0.08068
P.auriculata,9/19/14,H eggs 2,new leaf,0.34499
P.auriculata,9/19/14,FB treatment 1,new leaf,0.41945
P.auriculata,9/19/14,FB treatment 2,new leaf,0.13903
P.auriculata,9/19/14,FB treatment 1,new leaf,0.05088
P.auriculata,9/19/14,FB treatment 2,new leaf,0.13603
P.auriculata,9/19/14,FB Treatment 1,new leaf,1.34316
P.auriculata,9/19/14,FB Treatment 2,new leaf,0.08093
P.auriculata,9/19/14,FB Treatment 3,new leaf,0.26776
P.auriculata,9/19/14,FB Treatment 4,new leaf,0.31377
P.auriculata,9/20/14,AUR FB Plot 3S Treat #1,new leaf,0.9267
P.auriculata,9/20/14,AUR FB Plot 4N Treat #2,new leaf,0.32453
P.auriculata,9/20/14,AUR FB Plot 4N Treat #3,new leaf,0.63291
P.auriculata,9/20/14,AUR FB Pot 4N Treat #4,new leaf,0.34396
P.auriculata,9/20/14,AUR FB Corner of Plot 1SE Treat #1,new leaf,0.03488
P.auriculata,9/20/14,AUR FB Plot 1S Treat #2,new leaf,0.1531
P.auriculata,9/20/14,AUR FB Plot1S Treat #1,new leaf,0.51637
P.auriculata,9/20/14,AUR Plot 25 FB Treat #2,new leaf,0.02903
P.auriculata,9/20/14,AUR Plot 3N FB Treat #1,new leaf,0.04453
P.auriculata,9/19/14,H treatment 1,new leaf,0.1386
P.auriculata,9/19/14,H treatment 2,new leaf,0.3506
P.auriculata,9/19/14,H treatment 1,new leaf,0.0248
P.auriculata,9/19/14,H treatment 2,new leaf,0.38791
P.auriculata,9/19/14,H treatment 3,new leaf,0.04812
P.auriculata,9/19/14,H treatment 2,new leaf,0.03764
P.auriculata,9/19/14,H treatment 3,new leaf,0.04442
P.auriculata,9/20/14,AUR HB Plot 3N Treat #1,new leaf,0.01172
P.auriculata,9/20/14,AUR HB Plot 3N Treat #3,new leaf,0.06081
P.auriculata,9/20/14,AUR HB Plot 4N Treat #1,new leaf,0.04843
P.auriculata,9/20/14,AUR HB Plot 3S Treat #2,new leaf,0.168
P.auriculata,9/20/14,AUR HB Plot 4N Treat #3,new leaf,0.17587
P.auriculata,9/20/14,AUR HB Plot 1S Treat #1,new leaf,0.15463
P.auriculata,9/20/14,AUR HB Plot 1S Treat #2,new leaf,0.34328
P.auriculata,9/20/14,AUR Plot 3N HB Treat #2,new leaf,0.42423
P.ambigua,8/20/15,AMB garden leaf#4 tip 60,new leaf,0.29881
P.ambigua,8/20/15,AMB garden leaf#7 tip 60,new leaf,0.39875
P.ambigua,8/20/15,AMB garden leaf#4 tip 95,new leaf,0.17151
P.ambigua,8/20/15,AMB garden leaf#7 tip 95,new leaf,0.30975
P.auriculata,8/21/15,AUR garden lf#1,new leaf,0.1363
P.auriculata,8/21/15,AUR garden lf#3,new leaf,0.07975
P.auriculata,8/21/15,AUR garden lf#5,new leaf,0.04548
P.menispermifolia,8/21/15,MEN garden #1,new leaf,4.814
P.menispermifolia,8/21/15,MEN garden #3,new leaf,7.94842
P.menispermifolia,8/21/15,MEN garden #5,new leaf,5.16476
P.quadrangularis,8/21/15,QUA garden #1,new leaf,1.53326
P.quadrangularis,8/21/15,QUA garden #3,new leaf,2.14312
P.quadrangularis,8/21/15,QUA garden #5,new leaf,1.21139
P.pittieri,8/21/15,PIT garden #1*FB dam,new leaf,0.957
P.pittieri,8/21/15,PIT garden #3*FB dam,new leaf,1.073
P.pittieri,8/21/15,PIT garden #5*FB dam,new leaf,1.41395
P.pittieri,8/21/15,PIT garden #9*FB dam,new leaf,1.131
P.pittieri,8/21/15,PIT garden #14*FB dam,new leaf,2.81471
P.pittieri,8/21/15,PIT garden Mature*FB dam,mature leaf,5.34705
P.coriacea,8/24/15,COR garden #2,new leaf,1.14741
P.coriacea,8/24/15,COR garden #4,new leaf,1.58749
P.coriacea,8/24/15,COR garden #6,mature leaf,1.98066
P.arbelaezii,8/25/15,ARB garden #4,new leaf,3.15013
P.arbelaezii,8/25/15,ARB garden #14,new leaf,4.2746
P.arbelaezii,8/25/15,ARB garden mature leaf,mature leaf,2.69378
P.biflora,8/25/15,BI garden #1,new leaf,8.56392
P.biflora,8/25/15,BI garden mature leaf,mature leaf,0.54418
P.biflora,8/25/15,BI garden #4,new leaf,2.0416
P.pittieri,8/29/15,PIT SUR 620 #1,new leaf,3.30096
P.pittieri,8/29/15,PIT SUR 620 #14,new leaf,4.05318
P.pittieri,8/29/15,PIT SUR 620 mature leaf,mature leaf,2.755
P.biflora,9/4/15,BI outer gate #1,new leaf,8.85544
P.biflora,9/4/15,BI outer gate #3,new leaf,7.37528
P.biflora,9/4/15,BI outer gate #5,new leaf,5.5825
P.biflora,9/4/15,BI outer gate #7,new leaf,3.58875
P.biflora,9/4/15,BI outer gate #9,new leaf,3.9875
P.biflora,9/4/15,BI outer gate #11,new leaf,3.87357
P.pittieri,9/9/15,PIT SOR 203n #1,new leaf,2.50474
P.pittieri,9/9/15,PIT SOR 203n #3,new leaf,2.838
P.pittieri,9/9/15,PIT SOR 203n #5,new leaf,2.465
P.pittieri,9/9/15,PIT SOR 203n #7,new leaf,2.33933
P.pittieri,9/9/15,PIT SOR 203n #9,new leaf,2.77986
P.pittieri,9/9/15,PIT SOR 203n #11,new leaf,2.18743
P.pittieri,9/9/15,PIT SOR 203n #13,new leaf,2.784
P.pittieri,9/9/15,PIT SOR 203n ,mature leaf,2.958
P.pittieri,9/9/15,PIT SOR 203n,mature leaf,2.27288
P.pittieri,9/9/15,PIT garden #1 sun,new leaf,4.66017
P.pittieri,9/9/15,PIT garden #3 sun,new leaf,5.16381
P.pittieri,9/9/15,PIT garden #5 sun,new leaf,8.74296
P.pittieri,9/9/15,PIT garden #7 sun,new leaf,8.5492
P.pittieri,9/9/15,PIT garden #10 shade,new leaf,7.44333
P.pittieri,9/9/15,PIT garden #12 shade,new leaf,8.08759
P.pittieri,9/9/15,PIT garden #14 shade,new leaf,5.38313
P.pittieri,9/9/15,PIT garden #16 shade,new leaf,7.12896
P.pittieri,9/9/15,PIT garden #18 shade,new leaf,6.89838
P.biflora,9/12/15,BI STR 2850s new #5,new leaf,1.508
P.biflora,9/12/15,BI STR 2850s new #10,new leaf,0.7656
P.auriculata,9/12/15,AUR STR 2850s M,mature leaf,0.06317
P.auriculata,9/13/15,AUR SP1 S FB holes + sara L,new leaf,0.20347
P.auriculata,9/13/15,AUR garden #1,new leaf,0.25856
P.auriculata,9/13/15,AUR garden #5,new leaf,0.39688
P.auriculata,9/15/15,AUR garden #2 1/2 size,new leaf,0.2655
P.auriculata,9/15/15,AUR garden #4 full  size,new leaf,0.39522
P.auriculata,9/15/15,AUR garden mature,mature leaf,0.23827
P.auriculata,9/15/15,AUR garden #1 1/2 size,mature leaf,0.44432
P.auriculata,9/15/15,AUR garden #3 full size,new leaf,0.17837
P.auriculata,9/15/15,AUR garden mature,mature leaf,0.62465
P.auriculata,9/15/15,AUR garden #1 1/2 size,new leaf,0.25396
P.auriculata,9/15/15,AUR garden #3 full size,new leaf,0.21185
P.auriculata,9/15/15,AUR garden mature,mature leaf,0.67104
P.auriculata,9/16/15,AUR garden #2 1/2 size,new leaf,0.17668
P.auriculata,9/16/15,AUR garden #4  full size,new leaf,0.3037
P.auriculata,9/16/15,AUR garden mature,mature leaf,0.1798
P.auriculata,9/17/15,AUR boat ramp #2 1/2 size,new leaf,0.04029
P.auriculata,9/17/15,AUR boat ramp #4  full size,new leaf,0.02127
P.auriculata,9/17/15,AUR boat ramp mature,mature leaf,0.01
P.auriculata,9/17/15,AUR boat ramp full size redo,new leaf,0.0618
P.auriculata,9/17/15,AUR boat ramp mature redo,mature leaf,0.05072
P.auriculata,9/17/15,AUR boat ramp #1 1/2 size,new leaf,0.009
P.auriculata,9/17/15,AUR boat ramp #3 full  size,new leaf,0.02475
P.auriculata,9/17/15,AUR boat ramp mature,mature leaf,0.08743
P.auriculata,9/17/15,AUR boat ramp #1 1/2 size,new leaf,0.01
P.auriculata,9/17/15,AUR boat ramp #3 full size,new leaf,0.011
P.auriculata,9/17/15,AUR boat ramp mature,mature leaf,0.03514
P.auriculata,9/17/15,AUR boat ramp #1 1/2 size,new leaf,0.0163
P.auriculata,9/17/15,AUR boat ramp #3 full size,new leaf,0.04591
P.auriculata,9/17/15,AUR boat ramp mature,mature leaf,0.1677
P.auriculata,9/17/15,AUR boat ramp #1 1/2 size,new leaf,0.011
P.auriculata,9/17/15,AUR boat ramp #3 full size,new leaf,0.01794
P.auriculata,9/17/15,AUR boat ramp mature,mature leaf,0.11658
P.auriculata,9/18/15,AUR SP1 plant A #2,new leaf,0.02454
P.auriculata,9/18/15,AUR SP1 plant A #4,new leaf,0.03178
P.auriculata,9/18/15,AUR SP1 plant A Mature,mature leaf,0.00851
P.auriculata,9/18/15,AUR SP1 plant A #2 redo,new leaf,0.08932
P.auriculata,9/18/15,AUR SP1 plant A #4 redo,new leaf,0.08573
P.auriculata,9/18/15,AUR SP1 plant A M redo,mature leaf,0.03918
P.auriculata,9/18/15,AUR SP1 plant A #2,new leaf,0.04977
P.auriculata,9/18/15,AUR SP1 plant A #4,new leaf,0.07723
P.auriculata,9/18/15,AUR SP1 plant A mature leaf,mature leaf,0.09288
P.auriculata,9/18/15,AUR SP1 plant A #2,new leaf,0.13799
P.auriculata,9/18/15,AUR SP1 plant A #4,new leaf,0.06463
P.auriculata,9/18/15,AUR SP1 plant A mature leaf,mature leaf,0.27399
P.auriculata,9/18/15,AUR SP1 plant A #2,new leaf,0.09055
P.auriculata,9/18/15,AUR SP1 plant A #4,new leaf,0.013
P.auriculata,9/18/15,AUR SP1 plant A mature leaf,mature leaf,0.012
P.auriculata,9/18/15,AUR SP1 plant A #2,new leaf,0.03122
P.auriculata,9/18/15,AUR SP1 plant A #4,new leaf,0.07947
P.auriculata,9/18/15,AUR SP1 plant B #2,new leaf,0.015
P.auriculata,9/18/15,AUR SP1 plant B #4,new leaf,0.006
P.auriculata,9/18/15,AUR SP1 plant B M,mature leaf,0.006
P.auriculata,9/18/15,AUR SP1 plant B #2,new leaf,0.005
P.auriculata,9/18/15,AUR SP1 plant B #4,new leaf,0.00554
P.auriculata,9/18/15,AUR SP1 plant B M,mature leaf,0.00695
P.auriculata,9/18/15,AUR SP1 plant B #2,new leaf,0.13445
P.auriculata,9/18/15,AUR SP1 plant B #4,new leaf,0.29427
P.auriculata,9/18/15,AUR SP1 plant B M,mature leaf,0.26614
P.auriculata,9/18/15,AUR SP1 plant B #2,new leaf,0.01042
P.auriculata,9/18/15,AUR SP1 plant B #4,new leaf,0.05751
P.auriculata,9/18/15,AUR SP1 plant B M,mature leaf,0.03848
P.auriculata,9/18/15,AUR SP1 plant B #2,new leaf,0.07362
P.auriculata,9/18/15,AUR SP1 plant B #4,new leaf,0.09596
P.auriculata,9/18/15,AUR SP1 plant B M,mature leaf,0.08613
P.auriculata,9/19/15,AUR SP4N PLANT A checked,new leaf,0.11895
P.auriculata,9/19/15,AUR SP4N PLANT A checked,new leaf,0.13558
P.auriculata,9/19/15,AUR SP4N PLANT A checked,mature leaf,0.09933
P.auriculata,9/19/15,AUR SP4N PLANT A checked,new leaf,0.09969
P.auriculata,9/19/15,AUR SP4N PLANT A checked,new leaf,0.13282
P.auriculata,9/19/15,AUR SP4N PLANT A checked,mature leaf,0.06797
P.auriculata,9/19/15,AUR SP4N PLANT A checked,new leaf,0.84029
P.auriculata,9/19/15,AUR SP4N PLANT A checked,new leaf,0.34877
P.auriculata,9/19/15,AUR SP4N PLANT A checked,mature leaf,0.125
P.auriculata,9/20/15,AUR SAZ 1100 ground#2 few holes,new leaf,0.261
P.auriculata,9/20/15,AUR SAZ 1100 ground#4 few holes,new leaf,0.15615
P.auriculata,9/20/15,AUR SAZ 1100 ground M few holes,mature leaf,0.11541
P.auriculata,9/20/15,AUR SAZ 1100 ground#2 few holes,new leaf,0.09344
P.auriculata,9/20/15,AUR SAZ 1100 ground#4 few holes,new leaf,0.09452
P.auriculata,9/20/15,AUR SAZ 1100 ground M few holes,mature leaf,0.0924
P.auriculata,9/20/15,AUR SAZ 1100 ground#2 few holes,new leaf,0.02804
P.auriculata,9/20/15,AUR SAZ 1100 ground#4 few holes,new leaf,0.04226
P.auriculata,9/20/15,AUR SAZ 1100 ground#M few holes,mature leaf,0.1008
P.auriculata,9/20/15,AUR SAZ 1100 up high FL few holes #2,new leaf,0.39178
P.auriculata,9/20/15,AUR SAZ 1100 up high FL few holes #4,new leaf,0.54539
P.auriculata,9/20/15,AUR SAZ 1100 up high FL few holes #8,mature leaf,0.65517
P.auriculata,9/20/15,AUR SAZ 1100 up high FL few holes #2,new leaf,0.058
P.auriculata,9/20/15,AUR SAZ 1100 up high FL few holes #4,new leaf,0.49231
P.auriculata,9/20/15,AUR SAZ 1100 up high FL few holes #8,mature leaf,0.0802
P.auriculata,9/21/15,AUR SP4n few holes small lvs brA conn.,new leaf,0.46745
P.auriculata,9/21/15,AUR SP4n few holes small lvs brA conn.,new leaf,0.13283
P.auriculata,9/21/15,AUR SP4n few holes small lvs brA conn.,new leaf,0.43863
P.auriculata,9/21/15,AUR SP4n few holes small lvs brA conn.,new leaf,0.09969
P.auriculata,9/21/15,AUR SP4n few holes small lvs brA conn.,new leaf,0.03699
P.auriculata,9/21/15,AUR SP4n few holes small lvs brA conn.,new leaf,0.17742
P.auriculata,9/21/15,"AUR SP4n few holes med lvs, mature br B maybe connected",mature leaf,0.013
P.auriculata,9/21/15,"AUR SP4n few holes med lvs, mature br B maybe connected",mature leaf,0.01499
P.auriculata,9/21/15,"AUR SP4n few holes med lvs, mature br B maybe connected",mature leaf,0.008
P.auriculata,9/21/15,"AUR SP4n few holes med lvs, mature br B maybe connected",mature leaf,0.09081
P.auriculata,9/21/15,"AUR SP4n few holes med lvs, mature br B maybe connected",mature leaf,0.06716
P.auriculata,9/21/15,"AUR SP4n few holes med lvs, mature br B maybe connected",mature leaf,0.07562
P.auriculata,9/22/15,AURLa Flaminia x Highway br #1,new leaf,0.05145
P.auriculata,9/22/15,AURLa Flaminia x Highway br #1,new leaf,0.18897
P.auriculata,9/22/15,AURLa Flaminia x Highway br #1,new leaf,0.14657
P.auriculata,9/22/15,AURLa Flaminia x Highway br #2,new leaf,0.01748
P.auriculata,9/22/15,AURLa Flaminia x Highway br #2,new leaf,0.27273
P.auriculata,9/22/15,AURLa Flaminia x Highway br #2,new leaf,0.2227
P.auriculata,9/22/15,AURLa Flaminia x Highway br #3 holey,new leaf,0.04889
P.auriculata,9/22/15,AURLa Flaminia x Highway br #3 holey,new leaf,0.32432
P.auriculata,9/22/15,AURLa Flaminia x Highway br #3 holey,new leaf,0.16044
P.auriculata,9/22/15,AURLa Flaminia x Highway br #4 few holes,new leaf,0.20229
P.auriculata,9/22/15,AURLa Flaminia x Highway br #4 few holes,new leaf,0.26422
P.auriculata,9/22/15,AURLa Flaminia x Highway br #4 few holes,mature leaf,0.16874
P.auriculata,9/22/15,AURLa Flaminia x Highway br #5 few holes,mature leaf,0.04652
P.auriculata,9/22/15,AURLa Flaminia x Highway br #5 few holes,mature leaf,0.06577
P.auriculata,9/22/15,AURLa Flaminia x Highway br #5 few holes,mature leaf,0.07878
P.ambigua,9/27/15,AMB STR 96s br1  #1,mature leaf,0.033
P.ambigua,9/27/15,AMB STR 96s br1 #3,mature leaf,0.08047
P.ambigua,9/27/15,AMB STR 96s br1 #9,mature leaf,0.12467
P.ambigua,9/27/15,AMB STR 96s br2 #2,new leaf,0.49434
P.ambigua,9/27/15,AMB STR 96s br2 #4,new leaf,0.07945
P.ambigua,9/27/15,AMB STR 96s br2 #10,mature leaf,0.39678
P.ambigua,9/27/15,AMB STR 96s br3 #2,new leaf,0.35837
P.ambigua,9/27/15,AMB STR 96s br3 #4,new leaf,0.25473
P.ambigua,9/27/15,AMB STR 96s br3 M,mature leaf,0.67741
P.ambigua,9/27/15,AMB STR 96s br4 #2,new leaf,0.28635
P.ambigua,9/27/15,AMB STR 96s br4 #4,new leaf,0.34583
P.ambigua,9/27/15,AMB STR 96s br4 M,mature leaf,0.07646
P.ambigua,9/27/15,AMB STR 96s br5 #2,new leaf,0.15588
P.ambigua,9/27/15,AMB STR 96s br5 #4,new leaf,0.16867
P.ambigua,9/27/15,AMB STR 96s br5 M,mature leaf,0.2374
P.ambigua,9/27/15,AMB STR 96s br6 #2,new leaf,0.23169
P.ambigua,9/27/15,AMB STR 96s br6 #4,new leaf,0.20059
P.ambigua,9/27/15,AMB STR 96s br6 #12,mature leaf,0.10701
P.ambigua,9/28/15,AMB garden br1 #4,new leaf,0.1153
P.ambigua,9/28/15,AMB garden br1 #9,new leaf,0.42636
P.ambigua,9/28/15,AMB garden br1 #24,mature leaf,0.26386
P.ambigua,9/28/15,AMB garden br2 #4,new leaf,0.04083
P.ambigua,9/28/15,AMB garden br2  #10,new leaf,0.26371
P.ambigua,9/28/15,AMB garden br2 #24,mature leaf,0.25919
P.ambigua,9/28/15,AMB garden br3 #4,new leaf,0.09192
P.ambigua,9/28/15,AMB garden br3 #10,new leaf,0.50304
P.ambigua,9/28/15,AMB garden br3 #23,mature leaf,0.49409
P.ambigua,9/28/15,AMB garden br4 #4,new leaf,0.05093
P.ambigua,9/28/15,AMB garden br4 #10,new leaf,0.29706
P.ambigua,9/28/15,AMB garden br4 #21,mature leaf,0.511
P.ambigua,9/28/15,AMB garden br5 #4,new leaf,0.05829
P.ambigua,9/28/15,AMB garden br5 #10,new leaf,0.30571
P.ambigua,9/28/15,AMB garden br5 #24,mature leaf,0.32294
P.ambigua,9/28/15,AMB lab powerline br1 #2,new leaf,0.37417
P.ambigua,9/28/15,AMB lab powerline br1 #4,new leaf,0.96934
P.ambigua,9/28/15,AMB lab powerline br1 #10,mature leaf,0.17545
P.ambigua,9/28/15,AMB lab powerline br2 #2,new leaf,2.80333
P.ambigua,9/28/15,AMB lab powerline br2 #6,new leaf,2.52596
P.ambigua,9/28/15,AMB lab powerline br2#15,mature leaf,0.9161
P.ambigua,9/30/15,AMB lab powerline br2 #1,new leaf,2.17883
P.ambigua,9/30/15,AMB lab powerline br2 #2 gentle crush,new leaf,1.29727
P.ambigua,9/30/15,AMB lab powerline br2 #2 hard crush,new leaf,2.69205
P.ambigua,9/30/15,AMB lab powerline br2 #3,new leaf,1.17956
P.ambigua,9/30/15,AMB lab powerline br2 #0,new leaf,1.7545
P.ambigua,9/30/15,AMB lab powerline br2 #1 base,new leaf,3.44161
P.ambigua,9/30/15,AMB lab powerline br2 #1 sidea,new leaf,3.42925
P.ambigua,9/30/15,AMB lab powerline br2 #1 sideb,new leaf,4.26528
P.ambigua,10/1/15,AMB garden br1 #0,new leaf,0.03038
P.ambigua,10/1/15,AMB garden br2 #0,new leaf,0.08861
P.ambigua,10/1/15,AMB garden br4 #1,new leaf,0.05145
P.ambigua,10/1/15,AMB garden leftovers of previous 4,new leaf,0.17813
P.ambigua,10/1/15,AMB SP1w br1 #2,new leaf,1.18723
P.ambigua,10/1/15,AMB SP1w br1 #4,new leaf,2.58705
P.ambigua,10/1/15,AMB SP1w br1 #12,new leaf,0.8759
P.ambigua,10/1/15,AMB SP1w br2 #2,new leaf,2.32
P.ambigua,10/1/15,AMB SP1w br2 #4,new leaf,2.9
P.ambigua,10/1/15,AMB SP1w br2 #8,old leaf,0.40972
P.ambigua,10/1/15,AMB SP1w br3 #1,old leaf,0.34329
P.ambigua,10/1/15,AMB SP1w br3 #3,old leaf,0.36178
P.ambigua,10/1/15,AMB SP1w br3 #6,old leaf,0.20246
P.ambigua,10/2/15,AMB SOR 539n br1 #1,new leaf,1.8054
P.ambigua,10/2/15,AMB SOR 539n br1 #3,new leaf,0.89132
P.ambigua,10/2/15,AMB SOR 539n br1 #7,mature leaf,0.45571
P.ambigua,10/2/15,AMB SOR 539n br2 #2,old leaf,0.37369
P.ambigua,10/2/15,AMB SOR 539n br2 #4,old leaf,0.39533
P.ambigua,10/2/15,AMB SOR 539n br2 #8,old leaf,0.24538
P.ambigua,10/2/15,AMB SOR 539n br3 #2,new leaf,0.88271
P.ambigua,10/2/15,AMB SOR 539n br3 #4,new leaf,0.92054
P.ambigua,10/2/15,AMB SOR 539n br3 #7,mature leaf,0.40854
P.ambigua,10/2/15,AMB SOR 539s br1 #11,old leaf,0.06716
P.ambigua,10/2/15,AMB SOR 539s br1 #3,old leaf,0.40809
P.ambigua,10/2/15,AMB SOR 539s br1 #1,old leaf,0.20336
P.ambigua,10/2/15,AMB SOR 539s br2 #2,old leaf,0.03733
P.ambigua,10/2/15,AMB SOR 539s br2 #4,old leaf,0.03785
P.ambigua,10/2/15,AMB SOR 539s br2 #13,old leaf,0.009
P.ambigua,10/2/15,AMB SOR 539s br3 #10,old leaf,0.007
P.ambigua,10/2/15,AMB SOR 539s br3 #4,old leaf,0.01395
P.ambigua,10/2/15,AMB SOR 539s br3 #2,old leaf,0.04858
P.ambigua,10/3/15,AMB SHO 400?e br1 treefall #1,new leaf,2.62933
P.ambigua,10/3/15,AMB SHO 400?e br1 treefall #3,new leaf,1.80141
P.ambigua,10/3/15,AMB SHO 400?e br1 treefall #7,mature leaf,1.18668
P.ambigua,10/3/15,AMB SHO 400?e br2 treefall #1,mature leaf,0.023
P.ambigua,10/3/15,AMB SHO 400?e br2 treefall #3,mature leaf,0.027
P.ambigua,10/3/15,AMB SHO 400?e br2 treefall #5,mature leaf,0.023
P.ambigua,10/3/15,AMB SHO 400?e br3 treefall #1,mature leaf,0.009
P.ambigua,10/3/15,AMB SHO 400?e br3 treefall #3,mature leaf,0.01
P.ambigua,10/3/15,AMB SHO 400?e br3 treefall #7,mature leaf,0.016
P.ambigua,10/3/15,AMB SHO 400?e br4 treefall #1,new leaf,0.83548
P.ambigua,10/3/15,AMB SHO 400?e br4 treefall #4,new leaf,0.34432
P.ambigua,10/3/15,AMB SHO 400?e br4 treefall #10,mature leaf,0.29566
P.ambigua,10/3/15,AMB SHO 400?e br4 treefall #1,new leaf,1.81146
P.ambigua,10/6/15,AMB STR 094s br#6 #1,new leaf,0.42851
P.ambigua,10/6/15,AMB STR 094s br#6 #3,new leaf,1.2371
P.ambigua,10/6/15,AMB STR 094s br#6 #4,new leaf,1.12971
P.ambigua,10/6/15,NIT? STR 084n br1 #2,new leaf,0.98034
P.ambigua,10/6/15,NIT? STR 084n br1 #3,new leaf,3.74293
P.ambigua,10/6/15,NIT? STR 084n br1 #11,mature leaf,2.24162
P.ambigua,10/8/15,AMB STR 1701?,mature leaf,0.06035
P.ambigua,10/8/15,AMB STR 1701?,mature leaf,0.08932
P.ambigua,10/8/15,AMB STR 1701?,mature leaf,0.23697
P.ambigua,10/8/15,NIT STR 1701?,mature leaf,0.04683
P.ambigua,10/8/15,NIT STR 1701?,mature leaf,0.02454
P.ambigua,10/8/15,NIT STR 1701?,mature leaf,0.03938
P.ambigua,10/9/15,NIT STR 186n br1 #1,new leaf,0.19631
P.ambigua,10/9/15,NIT STR 186n br1 #3,new leaf,0.37137
P.ambigua,10/9/15,NIT STR 186n br1 #M,mature leaf,0.10633
P.ambigua,10/9/15,NIT STR 186n br2 #1,new leaf,0.66781
P.ambigua,10/9/15,NIT STR 186n br2 #5,new leaf,0.66
P.ambigua,10/9/15,NIT STR 186n br2 #8,new leaf,0.89963
P.ambigua,10/9/15,NIT STR 186n br3 #1,new leaf,0.79449
P.ambigua,10/9/15,NIT STR 186n br3 #3,new leaf,0.38679
P.ambigua,10/9/15,NIT STR 186n br3 #9,mature leaf,0.52502
P.ambigua,10/9/15,NIT STR 186n br4 #1,mature leaf,1.12877
P.ambigua,10/9/15,NIT STR 186n br4 #6,mature leaf,0.92367
P.ambigua,10/9/15,NIT STR 186n br4 #16,old leaf,0.15786
P.ambigua,10/10/15,NIT STR 642s br1 #4,new leaf,3.71907
P.ambigua,10/10/15,NIT STR 642s br1 #14,mature leaf,1.16823
P.ambigua,10/10/15,NIT STR 642s br1 #1,new leaf,4.495
P.ambigua,10/10/15,NIT STR 642s br2 #2,old leaf,0.11259
P.ambigua,10/10/15,NIT STR 642s br2 #4,old leaf,0.12412
P.ambigua,10/10/15,NIT STR 642s br2 #6,old leaf,0.0884
P.ambigua,10/10/15,AMB STR 1195s br1 #1,new leaf,2.27288
P.ambigua,10/10/15,AMB STR 1195s br1 #3,new leaf,2.74396
P.ambigua,10/10/15,AMB STR 1195s br1 #8,old leaf,0.20592
P.ambigua,10/10/15,AMB STR 1195s br2 #1,new leaf,3.84623
P.ambigua,10/10/15,AMB STR 1195s br2 #4k,new leaf,3.09309
P.ambigua,10/10/15,AMB STR 1195s br2 #,mature leaf,0.83244
P.ambigua,10/10/15,AMB STR 1195s br3 #1,old leaf,0.07089
P.ambigua,10/10/15,AMB STR 1195s br3 #3,old leaf,0.15753
P.ambigua,10/10/15,AMB STR 1195s br3 #5,old leaf,0.09469
P.ambigua,10/21/15,AMB STR 1195s br4 #12,mature leaf,2.4742
P.ambigua,10/21/15,AMB STR 1195s br4 #1,new leaf,4.83537
P.ambigua,10/21/15,AMB STR 1195s br4 #5,new leaf,4.466
P.ambigua,10/21/15,NIT STR 1455n br1 #1,new leaf,3.89636
P.ambigua,10/21/15,NIT STR 1455n br1 #4,new leaf,1.86227
P.ambigua,10/21/15,NIT STR 1455n br1 #10,new leaf,2.66593
P.ambigua,10/21/15,NIT STR 1455n br2 #1,mature leaf,3.37904
P.ambigua,10/21/15,NIT STR 1455n br2 #5,mature leaf,1.57221
P.ambigua,10/21/15,NIT STR 1455n br2 #9,mature leaf,1.15252
P.ambigua,10/21/15,NIT STR 1455n br3 #1,mature leaf,0.29477
P.ambigua,10/21/15,NIT STR 1455n br3 #5,mature leaf,0.07529
P.ambigua,10/21/15,NIT STR 1455n br3 #9,mature leaf,0.08507
P.ambigua,10/21/15,NIT STR 1472n br1 #1,new leaf,0.5104
P.ambigua,10/21/15,NIT STR 1472n br1 #4,new leaf,0.44306
P.ambigua,10/21/15,NIT STR 1472n br1 #9,new leaf,1.29963
P.ambigua,10/21/15,NIT STR 1472n br2 #2,new leaf,0.71306
P.ambigua,10/21/15,NIT STR 1472n br2 #5,new leaf,1.2122
P.ambigua,10/21/15,NIT STR 1472n br2 #12,mature leaf,0.91991
P.ambigua,10/22/15,NIT STR 1472n br3 tip,old leaf,0.08232
P.ambigua,10/22/15,NIT STR 1472n br3 mid,old leaf,0.13496
P.ambigua,10/22/15,NIT STR 1472n br3 base,old leaf,0.0965
P.ambigua,10/22/15,NIT STR 1701n br1 #1,new leaf,2.21021
P.ambigua,10/22/15,NIT STR 1701n br1 #4,new leaf,1.43
P.ambigua,10/22/15,NIT STR 1701n br1 #13,mature leaf,0.42533
P.ambigua,10/22/15,NIT STR 1701n br2 # 2,old leaf,0.06897
P.ambigua,10/22/15,NIT STR 1701n br2 #4,old leaf,0.20507
P.ambigua,10/22/15,NIT STR 1701n br2 #12,old leaf,0.25784
P.ambigua,10/22/15,NIT STR 1704s br1 #1,new leaf,0.87725
P.ambigua,10/22/15,NIT STR 1704s br1 #4,new leaf,0.528
P.ambigua,10/22/15,NIT STR 1704s br1 #9,new leaf,0.66574
P.ambigua,10/22/15,NIT STR 1704s br2 #1,mature leaf,0.1276
P.ambigua,10/22/15,NIT STR 1704s br2 #4,mature leaf,0.11
P.ambigua,10/22/15,NIT STR 1704s br2 #8,mature leaf,0.14284
P.ambigua,10/22/15,NIT STR 1704s br3 #2,new leaf,3.625
P.ambigua,10/22/15,NIT STR 1704s br3 #5,new leaf,3.045
P.ambigua,10/22/15,NIT STR 1704s br3 #10,mature leaf,3.432
P.ambigua,10/22/15,AMB STR 2235n br1 #2,new leaf,0.28147
P.ambigua,10/22/15,AMB STR 2235n br1 #4,new leaf,0.24434
P.ambigua,10/22/15,AMB STR 2235n br1 #9,new leaf,1.05774
P.ambigua,10/23/15,AMB STR 2235n br2 #2,new leaf,2.75429
P.ambigua,10/23/15,AMB STR 2235n br2 #4,new leaf,1.595
P.ambigua,10/23/15,AMB STR 2235n br2 #9,new leaf,1.218
P.ambigua,10/23/15,AMB STR 2235n br3 #2,new leaf,0.84535
P.ambigua,10/23/15,AMB STR 2235n br3 #5,new leaf,1.61494
P.ambigua,10/23/15,AMB STR 2235n br3 #12,mature leaf,0.87725
P.ambigua,10/23/15,AMB STR 2235n br4 #2,new leaf,3.366
P.ambigua,10/23/15,AMB STR 2235n br4 #4,new leaf,4.44667
P.ambigua,10/23/15,AMB STR 2235n br4 #12,mature leaf,2.17319
P.ambigua,10/23/15,AMB STR 2235n br5 #1,new leaf,2.61276
P.ambigua,10/23/15,AMB STR 2235n br5 #3,new leaf,0.82029
P.ambigua,10/23/15,AMB STR 2235n br5 #M,mature leaf,1.68614
P.ambigua,10/23/15,AMB STR 2930n br1 #1,new leaf,2.96915
P.ambigua,10/23/15,AMB STR 2930n br1 #3,new leaf,1.99375
P.ambigua,10/23/15,AMB STR 2930n br1 #8,new leaf,1.11059
P.biflora,11/2/15,BI garden br1 #1 FB damage,new leaf,1.3723
P.biflora,11/2/15,BI garden br1 #3 FB damage,new leaf,2.76004
P.biflora,11/2/15,BI garden br1 #9,mature leaf,2.0097
P.biflora,11/2/15,BI garden br2 #2 FB damage,new leaf,2.02033
P.biflora,11/2/15,BI garden br2 #4 FB damage,new leaf,2.4244
P.biflora,11/2/15,BI garden br2 #10,new leaf,1.48867
P.biflora,11/2/15,BI SAZ 113s br1 #2,new leaf,0.5104
P.biflora,11/2/15,BI SAZ 113s br1 #4,new leaf,0.29446
P.biflora,11/2/15,BI SAZ 113s br1 #14,mature leaf,0.174
P.biflora,11/2/15,BI SAZ 113s br1 #2,new leaf,0.5104
P.biflora,11/2/15,BI SAZ 113s br1 #4,new leaf,0.55478
P.biflora,11/2/15,BI SAZ 113s br1 #14,mature leaf,0.594
P.biflora,11/2/15,BI SAZ 113s br2 #1 hanging down,new leaf,0.041
P.biflora,11/2/15,BI SAZ 113s br2 #4,new leaf,0.15705
P.biflora,11/2/15,BI SAZ 113s br2 #14,mature leaf,0.80889
P.biflora,11/2/15,BI SAZ 113s br3 #1,new leaf,2.82063
P.biflora,11/2/15,BI SAZ 113s br3 #3,new leaf,3.90395
P.biflora,11/2/15,BI SAZ 113s br3 #5,new leaf,2.74204
P.biflora,11/2/15,BI SAZ 113s br4 #1,new leaf,0.077
P.biflora,11/2/15,BI SAZ 113s br4 #3,new leaf,0.05
P.biflora,11/2/15,BI SAZ 113s br4 #15,mature leaf,0.047
P.biflora,11/2/15,BI SAZ 113s br5 #2,new leaf,1.94115
P.biflora,11/2/15,BI SAZ 113s br5 #4,new leaf,1.914
P.biflora,11/2/15,BI SAZ 113s br5 #13,mature leaf,0.57893
P.biflora,11/2/15,BI SAZ 113s br6  #1,new leaf,1.98187
P.biflora,11/2/15,BI SAZ 113s br6  #3,new leaf,1.96185
P.biflora,11/2/15,BI SAZ 113s br6  #10,mature leaf,0.57893
P.biflora,11/2/15,BI SAZ 113s br6  #1,new leaf,0.087
P.biflora,11/2/15,BI SAZ 113s br6 #3,new leaf,0.068
P.biflora,11/2/15,BI SAZ 113s br6 #10,mature leaf,0.083
P.biflora,11/2/15,BI SAZ 113s br6 #3,new leaf,0.027
P.biflora,11/2/15,BI SAZ 113s br6 #10,mature leaf,0.034
P.biflora,11/3/15,BI FLA4 end meter br1 #1,new leaf,4.16694
P.biflora,11/3/15,BI FLA4 end meter br1 #3,new leaf,4.58563
P.biflora,11/3/15,BI FLA4 end meter br1 #15,mature leaf,0.93246
P.biflora,11/3/15,BI FLA4 end meter br2 #2,new leaf,0.93928
P.biflora,11/3/15,BI FLA4 end meter br2 #4,new leaf,0.72914
P.biflora,11/3/15,BI FLA4 end meter br2 #7,mature leaf,0.06076
P.biflora,11/3/15,BI FLA4 end meter br3 #2,new leaf,1.30152
P.biflora,11/3/15,BI FLA4 end meter br3 #4,new leaf,1.80767
P.biflora,11/3/15,BI FLA4 end meter br3 #10,mature leaf,0.47335
P.biflora,11/3/15,BI FLA4 end meter br4 #2,new leaf,0.53673
P.biflora,11/3/15,BI FLA4 end meter br4 #4,mature leaf,0.11259
P.biflora,11/3/15,BI FLA4 end meter br4 #9,mature leaf,0.066
P.biflora,11/3/15,BI FLA4 end meter br5 #1,new leaf,1.68882
P.biflora,11/3/15,BI FLA4 end meter br5 #3,new leaf,0.72914
P.biflora,11/3/15,BI FLA4 end meter br5 #7,mature leaf,0.261
P.biflora,11/3/15,BI FLA4 end meter br6 #2,new leaf,2.47225
P.biflora,11/3/15,BI FLA4 end meter br6 #4,new leaf,2.06511
P.biflora,11/3/15,BI FLA4 end meter br6 #8,new leaf,0.55988
P.biflora,11/4/15,BI FLA4 end meter +50 br1 #1,new leaf,3.538
P.biflora,11/4/15,BI FLA4 end meter +50 br1 #3,new leaf,2.44403
P.biflora,11/4/15,BI FLA4 end meter +50 br1 #11,new leaf,0.98434
P.biflora,11/4/15,BI FLA4 end meter +50 br2 #2,new leaf,2.99063
P.biflora,11/4/15,BI FLA4 end meter +50 br2 #4,new leaf,2.09
P.biflora,11/4/15,BI FLA4 end meter +50 br2 #12,mature leaf,0.92367
P.biflora,11/4/15,BI FLA4 end meter +50 br3 #2,new leaf,1.41423
P.biflora,11/4/15,BI FLA4 end meter +50 br3 #4,new leaf,0.83797
P.biflora,11/4/15,BI FLA4 end meter +50 br3 #5,mature leaf,0.28891
P.biflora,11/4/15,BI FLA4 end meter +50 br4 #,new leaf,1.99907
P.biflora,11/4/15,BI FLA4 end meter +50 br4 #,new leaf,1.01933
P.biflora,11/4/15,BI FLA4 end meter +50 br4 #,mature leaf,1.18593
P.biflora,11/4/15,BI FLA4 end meter +20 br1 #1,new leaf,2.12667
P.biflora,11/4/15,BI FLA4 end meter +20 br1 #3,new leaf,2.01608
P.biflora,11/4/15,BI FLA4 end meter +20 br1 #5,new leaf,0.92926
P.biflora,11/4/15,BI FLA4 end meter +20 br2 #1,mature leaf,0.23341
P.biflora,11/4/15,BI FLA4 end meter +20 br2 #3,mature leaf,0.22684
P.biflora,11/4/15,BI FLA4 end meter +20 br2 #10,mature leaf,0.058
P.biflora,11/4/15,BI FLA4 end meter +20 br3 #2,new leaf,0.46153
P.biflora,11/4/15,BI FLA4 end meter +20 br3 #4,new leaf,0.48847
P.biflora,11/4/15,BI FLA4 end meter +20 br3 #13,mature leaf,0.13087
P.biflora,11/4/15,BI FLA4 end meter +40 br1 #1,new leaf,2.48976
P.biflora,11/4/15,BI FLA4 end meter +40 br1 #3,new leaf,1.95831
P.biflora,11/4/15,BI FLA4 end meter +40 br1 #10,mature leaf,1.85145
P.biflora,11/4/15,BI FLA4 end meter +40 br2 #1,new leaf,1.00257
P.biflora,11/4/15,BI FLA4 end meter +40 br2 #3,new leaf,0.72195
P.biflora,11/4/15,BI FLA4 end meter +40 br2 #11,mature leaf,0.38878
P.biflora,11/4/15,BI FLA4 end meter +40 br3 #2,mature leaf,0.30571
P.biflora,11/4/15,BI FLA4 end meter +40 br3 #4,mature leaf,0.43653
P.biflora,11/4/15,BI FLA4 end meter +40 br3 #9,mature leaf,0.12976
P.biflora,11/5/15,BI SAZ 1063s br1 #1,new leaf,2.2968
P.biflora,11/5/15,BI SAZ 1063s br1 #3,new leaf,2.088
P.biflora,11/5/15,BI SAZ 1063s br1 #12,mature leaf,1.1484
P.biflora,11/5/15,BI SAZ 1063s br2 #1,mature leaf,0.54091
P.biflora,11/5/15,BI SAZ 1063s br2 #3,mature leaf,0.3335
P.biflora,11/5/15,BI SAZ 1063s br2 #12,mature leaf,0.1276
P.biflora,11/5/15,BI SAZ 1063s br3 #1,mature leaf,0.027
P.biflora,11/5/15,BI SAZ 1063s br3 #3,mature leaf,0.025
P.biflora,11/5/15,BI SAZ 1063s br3 #6,mature leaf,0.027
P.biflora,11/5/15,BI SAZ 1063s br4 #2,new leaf,0.9959
P.biflora,11/5/15,BI SAZ 1063s br4 #4,new leaf,1.48867
P.biflora,11/5/15,BI SAZ 1063s br4 #7,new leaf,0.20833
P.biflora,11/5/15,BI SAZ 1063s br5 #1,mature leaf,0.32811
P.biflora,11/5/15,BI SAZ 1063s br5 #3,mature leaf,0.30989
P.biflora,11/5/15,BI SAZ 1063s br5 #5,mature leaf,0.20641
P.biflora,11/5/15,BI SAZ 1100s br1 #  1 fruit,mature leaf,0.528
P.biflora,11/5/15,BI SAZ 1100s br1 # 3  fruit,mature leaf,0.91872
P.biflora,11/5/15,BI SAZ 1100s br1 #12  fruit,mature leaf,0.54856
P.biflora,11/5/15,BI SAZ 1100s br2 #1  fruit,mature leaf,0.5104
P.biflora,11/5/15,BI SAZ 1100s br2 #3  fruit,mature leaf,1.0171
P.biflora,11/5/15,BI SAZ 1100s br2 #10  fruit,mature leaf,0.91872
P.biflora,11/5/15,BI SAZ 916n br1 #1,new leaf,1.47231
P.biflora,11/5/15,BI SAZ 916n br1 #3,new leaf,1.595
P.biflora,11/5/15,BI SAZ 916n br1 #14,mature leaf,0.4466
P.biflora,11/5/15,BI SAZ 916n br2 #1,new leaf,0.239
P.biflora,11/5/15,BI SAZ 916n br2 #3,new leaf,0.319
P.biflora,11/5/15,BI SAZ 916n br2 #6,new leaf,0.383
P.biflora,11/6/15,BI SP1 s br1 #1,new leaf,0.29566
P.biflora,11/6/15,BI SP1 s br1 #3,new leaf,0.26174
P.biflora,11/6/15,BI SP1 s br1 #8,new leaf,0.4933
P.biflora,11/6/15,BI SP1 s br2  #1,mature leaf,0.025
P.biflora,11/6/15,BI SP1 s br2  #3,mature leaf,0.016
P.biflora,11/6/15,BI SP1 s br2  #9,mature leaf,0.021
P.biflora,11/6/15,BI SP1 s br3  #1,new leaf,0.58892
P.biflora,11/6/15,BI SP1 s br3  #3,new leaf,0.19417
P.biflora,11/6/15,BI SP1 s br3  #6,mature leaf,0.066
P.biflora,11/6/15,BI SP1 s br4  #1,new leaf,7.27665
P.biflora,11/6/15,BI SP1 s br4  #3,new leaf,5.54452
P.biflora,11/6/15,BI SP1 s br4  #15,mature leaf,3.0392
P.biflora,11/6/15,BI SP1 s br5  #2,new leaf,1.82286
P.biflora,11/6/15,BI SP1 s br5  #4,new leaf,1.79585
P.biflora,11/6/15,BI SP1 s br5  #11,new leaf,0.493
P.biflora,11/6/15,BI SP1 s br6  #2,old leaf,0.034
P.biflora,11/6/15,BI SP1 s br6  #4,old leaf,0.13517
P.biflora,11/6/15,BI SP1 s br6  #9,old leaf,0.16179
P.biflora,11/6/15,BI SP1s2 br1 #2,new leaf,0.27343
P.biflora,11/6/15,BI SP1s2 br1 #4,new leaf,0.83431
P.biflora,11/6/15,BI SP1s2 br1 #13,mature leaf,0.096
P.biflora,11/6/15,BI SP1s2 br2 #2,mature leaf,0.062
P.biflora,11/6/15,BI SP1s2 br2 #4,mature leaf,0.071
P.biflora,11/6/15,BI SP1s2 br2 #9,old leaf,0.045
P.biflora,11/6/15,BI SP1s2 br3  #6,new leaf,0.33081
P.biflora,11/6/15,BI SP1s2 br3  #8,new leaf,0.16541
P.biflora,11/6/15,BI SP1s2 br3  #12,new leaf,0.128
P.pittieri,11/7/15,PIT garden flower w PED,flower,6.92686
P.pittieri,11/7/15,PIT garden flower w PED,flower,6.5714
P.pittieri,11/7/15,PIT garden flower w PED,flower,3.40267
P.biflora,11/7/15,BI comedor  br1 #2,new leaf,3.73686
P.biflora,11/7/15,BI comedor  br1 #4,new leaf,1.89524
P.biflora,11/7/15,BI comedor  br1 #13,mature leaf,0.68277
P.biflora,11/7/15,BI comedor  br2 #6,new leaf,1.50568
P.biflora,11/7/15,BI comedor  br2 #13,new leaf,0.96351
P.biflora,11/7/15,BI comedor  br3 #2,new leaf,3.828
P.biflora,11/7/15,BI comedor  br3 #4,new leaf,2.03669
P.biflora,11/7/15,BI comedor  br3 #12,new leaf,1.41955
P.biflora,11/7/15,BI comedor  br4 #2,new leaf,5.04852
P.biflora,11/7/15,BI comedor  br4 #4,new leaf,3.93146
P.biflora,11/7/15,BI comedor  br4 #14,mature leaf,1.595
P.arbelaezii,11/14/15,ARB garden green fruit  leaf,mature leaf,0.82029
P.arbelaezii,11/14/15,ARB garden green fruit  rind,fruit,0.551
P.arbelaezii,11/14/15,ARB garden green fruit  leaf,mature leaf,2.14905
P.arbelaezii,11/14/15,ARB garden green fruit  rind,fruit,0.72772
P.ambigua,11/26/15,AMB garden leaf - doris exp.,new leaf,0.50423
P.ambigua,11/26/15,AMB SOR1 in pot 141 root,root,0.58757
P.ambigua,11/26/15,LOB ambient lab root,root,0.49549
P.vitifolia,11/26/15,VIT garden root,root,0.0261
P.oerstedii,11/26/15,OER garden root,root,0.19713
P.auriculata,11/26/15,AUR garden root,root,3.1175
P.biflora,11/27/15,BI garden root,root,0.11218
P.costaricensis,11/27/15,COS potted root,root,1.0872
P.arbelaezii,11/27/15,ARB garden root,root,2.36218
P.biflora,11/27/15,BI SAZ 112s rootlets,root,0.04161
P.biflora,11/27/15,BI bridge rootlets,root,0.03206
P.auriculata,11/27/15,AUR boat ramp rootlets,root,0.56438
P.ambigua,12/1/15,AMB garden 7cm2 ,new leaf,0.87
P.arbelaezii,12/1/15,ARB fruit rind orange,fruit,0.03544
P.arbelaezii,12/1/15,ARB fruit rind orange,fruit,0.04825
P.ambigua,12/5/15,AMB shadehouse SEDR 5,root,0.24127
P.ambigua,12/5/15,AMB STR 96s,root,0.07738
P.ambigua,12/5/15,AMB STR 186n,root,0.30973
P.ambigua,12/5/15,AMB SEDR 5 shadehouse,new leaf,0.31235
P.ambigua,12/5/15,AMB SEDR 5 shadehouse,new leaf,0.50005
P.ambigua,12/5/15,AMB SEDR 5 shadehouse,old leaf,0.05731
P.ambigua,12/5/15,AMB SOR1 shadehouse,new leaf,1.0956
P.ambigua,12/5/15,AMB SOR1 shadehouse,new leaf,0.8584
P.ambigua,12/5/15,AMB SOR1 shadehouse,mature leaf,0.37286
P.ambigua,6/17/18,AMB garden,new leaf,0.0762
P.ambigua,6/17/18,AMB garden,new leaf,0.19431
P.ambigua,6/17/18,AMB garden,new leaf,0.16136
P.ambigua,6/18/18,AMB garden H.doris 1 rest,new leaf,0.1457
P.ambigua,6/18/18,AMB garden H.doris 2 rest,new leaf,0.33484
P.ambigua,6/18/18,AMB garden H.doris 3 rest,new leaf,0.27275
P.ambigua,6/18/18,AMB garden H.doris 1 feed,new leaf,0.20502
P.ambigua,6/18/18,AMB garden H.doris 2 feed,new leaf,0.40884
P.ambigua,6/18/18,AMB garden H.doris 3 feed,new leaf,0.38345
P.ambigua,6/18/18,AMB garden H.doris 1 rest,new leaf,0.08731
P.ambigua,6/18/18,AMB garden H.doris 2 feed,new leaf,0.4134
P.ambigua,6/18/18,AMB garden H.doris 3 rest,new leaf,0.18964
P.ambigua,6/18/18,AMB garden H.doris 1 feed,new leaf,0.19268
P.ambigua,6/18/18,AMB garden H.doris 2 rest,new leaf,0.49107
P.ambigua,6/18/18,AMB garden H.doris 3 rest,new leaf,0.18416
P.ambigua,6/18/18,AMB garden H.doris 1 rest,new leaf,0.29621
P.ambigua,6/18/18,AMB garden H.doris 3 feed,new leaf,0.13817
P.vitifolia,6/18/18,VIT garden root,new leaf,0.01599
P.ambigua,6/18/18,AMB garden H.doris 1 feed,new leaf,0.44536
P.ambigua,6/18/18,AMB garden H.doris 2 rest,new leaf,0.67312
P.ambigua,6/18/18,AMB garden H.doris 3 rest,new leaf,0.14926
P.ambigua,6/19/18,AMB garden H.doris 1 feed,new leaf,0.4377
P.ambigua,6/19/18,AMB garden H.doris 2 feed,new leaf,0.61026
P.pittieri,6/19/18,PIT lab,mature leaf,2.38333
P.ambigua,6/19/18,AMB garden H.doris 1 feed,new leaf,0.18638
P.ambigua,6/19/18,AMB garden H.doris 2 feed,new leaf,0.48427
P.ambigua,6/19/18,AMB garden H.doris 3 feed,new leaf,0.28057
P.ambigua,6/20/18,AMB garden H.doris 1 rest,new leaf,0.46116
P.ambigua,6/20/18,AMB garden H.doris 2 rest,new leaf,0.55505
P.ambigua,6/20/18,AMB garden H.doris 3 rest,new leaf,0.15759
P.pittieri,6/20/18,PIT SOR 203n,mature leaf,2.33481
P.costaricensis,6/20/18,COS garden,new leaf,6.14021
P.costaricensis,6/20/18,COS garden,new leaf,6.00907
P.costaricensis,6/20/18,COS garden,new leaf,1.93679
P.costaricensis,6/20/18,COS garden,new leaf,3.50031
P.costaricensis,6/20/18,COS garden,new leaf,3.85079
P.arbelaezii,6/20/18,ARB garden ,new leaf,1.96308
P.arbelaezii,6/20/18,ARB garden ,new leaf,2.34446
P.ambigua,6/20/18,AMB garden H.doris 2 rest,new leaf,0.37036
P.arbelaezii,6/20/18,ARB garden ,new leaf,2.54939
P.arbelaezii,6/20/18,ARB garden ,new leaf,2.86472
P.ambigua,6/20/18,AMB garden H.doris 2 feed,new leaf,0.34853
P.lobata,6/21/18,LOB FLA4-1N,new leaf,0.01565
P.lobata,6/21/18,LOB FLA4-1N,new leaf,0.01904
P.lobata,6/21/18,LOB FLA4-1N,new leaf,0.0104
P.coriacea,6/21/18,COR FLA4-3s,mature leaf,0.01437
P.coriacea,6/21/18,COR FLA4-3s,mature leaf,0.01473
P.coriacea,6/21/18,COR FLA4-3s,mature leaf,0.01313
P.oerstedii,6/21/18,OER SDS-1w,mature leaf,0.01712
P.oerstedii,6/21/18,OER SDS-1w,mature leaf,0.01735
P.oerstedii,6/21/18,OER SDS-1w,mature leaf,0.01396
P.auriculata,6/21/18,AUR garden ,mature leaf,0.12351
P.auriculata,6/21/18,AUR garden ,mature leaf,0.53613
P.auriculata,6/21/18,AUR garden ,mature leaf,0.4352
P.biflora,6/21/18,BI garden ,mature leaf,0.88751
P.biflora,6/21/18,BI garden ,mature leaf,0.59041
P.biflora,6/21/18,BI garden ,mature leaf,0.07319
P.ambigua,6/21/18,AMB garden H.doris 1 rest,mature leaf,0.4993
P.ambigua,6/21/18,AMB garden H.doris 2 feed,mature leaf,0.28782
P.ambigua,6/21/18,AMB garden H.doris 3 rest,mature leaf,0.17936
P.menispermifolia,6/21/18,MEN garden ,mature leaf,0.44519
P.menispermifolia,6/21/18,MEN garden ,mature leaf,1.02216
P.ambigua,6/21/18,AMB garden H.doris 2 feed,mature leaf,0.19575
P.menispermifolia,6/21/18,MEN garden ,mature leaf,1.41778
P.menispermifolia,6/21/18,MEN garden ,mature leaf,0.92588
P.ambigua,6/21/18,AMB garden H.doris 1 feed,mature leaf,0.03499
P.ambigua,6/21/18,AMB garden H.doris 2 rest,mature leaf,0.10302
P.ambigua,6/21/18,AMB garden,mature leaf,0.1078
P.ambigua,6/22/18,AMB garden H.doris 1 rest,mature leaf,0.33219
P.ambigua,6/22/18,AMB garden H.doris 2 rest,mature leaf,0.44418
P.ambigua,6/22/18,AMB garden H.doris 3 feed,mature leaf,0.18251
P.ambigua,6/22/18,AMB CEN 170n,mature leaf,0.01192
P.ambigua,6/22/18,AMB CEN 170n,mature leaf,0.08748
P.ambigua,6/22/18,AMB CEN 170n,mature leaf,0.0465
P.pittieri,6/22/18,PIT CES 850n,new leaf,0.75615
P.pittieri,6/22/18,PIT CES 850n,new leaf,1.35012
P.pittieri,6/22/18,PIT CES 850n,mature leaf,4.5291
P.ambigua,6/23/18,AMB garden H.doris 1 feed,mature leaf,0.29605
P.ambigua,6/23/18,AMB garden H.doris 2 feed,mature leaf,0.09922
P.ambigua,6/23/18,AMB garden H.doris 3 feed,mature leaf,0.11689
P.auriculata,6/24/18,AUR STR 3625s,new leaf,0.21719
P.auriculata,6/24/18,AUR STR 3625s,new leaf,0.47675
P.auriculata,6/24/18,AUR STR 3625s,mature leaf,0.37397
P.ambigua,6/24/18,AMB STR 2930s,mature leaf,0.94158
P.ambigua,6/24/18,AMB STR 2930s,mature leaf,0.56635
P.biflora,6/24/18,BI STR 4387n,mature leaf,0.02357
P.biflora,6/24/18,BI STR 4387n,mature leaf,0.03651
P.biflora,6/24/18,BI STR 4387n,mature leaf,0.03859
P.auriculata,6/24/18,AUR STR 4865s,mature leaf,0.31571
P.auriculata,6/24/18,AUR STR 4865s,mature leaf,0.33957
P.auriculata,6/24/18,AUR STR 4865s,mature leaf,0.26438
P.biflora,6/24/18,BI STR 4387n,mature leaf,0.0436
P.biflora,6/24/18,BI STR 4387n,mature leaf,0.04797
P.biflora,6/24/18,BI STR 4387n,mature leaf,0.01826
P.ambigua,6/25/18,AMB garden H.doris 1 feed,mature leaf,0.18802
P.ambigua,6/25/18,AMB garden H.doris 2 rest,mature leaf,0.31158
P.ambigua,6/25/18,AMB garden H.doris 3 rest,mature leaf,0.20298
P.ambigua,6/25/18,AMB garden H.doris 1 rest,mature leaf,0.20619
P.ambigua,6/25/18,AMB garden H.doris 2 rest,mature leaf,0.08215
P.ambigua,6/25/18,AMB garden H.doris 3 feed,mature leaf,0.03907
P.ambigua,6/25/18,AMB garden H.doris 1 feed,mature leaf,0.20527
P.ambigua,6/25/18,AMB garden H.doris 2 rest,mature leaf,0.06493
P.ambigua,6/25/18,AMB garden H.doris 3 rest,mature leaf,0.09468
P.auriculata,6/26/18,AUR CAB TORT,mature leaf,0.01914
P.auriculata,6/26/18,AUR CAB TORT,mature leaf,0.03127
P.auriculata,6/26/18,AUR CAB TORT,mature leaf,0.06927
P.biflora,6/26/18,BI CAB TORT,new leaf,0.05981
P.biflora,6/26/18,BI CAB TORT,new leaf,1.19093
P.biflora,6/26/18,BI CAB TORT,mature leaf,0.0605
P.biflora,6/26/18,BI comedor,new leaf,0.85067
P.biflora,6/26/18,BI comedor,new leaf,0.03244
P.biflora,6/26/18,BI comedor,new leaf,0.24056
P.auriculata,6/26/18,AUR CAB TORT,mature leaf,0.04383
P.auriculata,6/26/18,AUR CAB TORT,mature leaf,0.03093
P.auriculata,6/26/18,AUR CAB TORT,mature leaf,0.11146
P.biflora,6/26/18,BI CAB TORT,new leaf,0.0638
P.biflora,6/26/18,BI CAB TORT,new leaf,2.21705
P.biflora,6/26/18,BI CAB TORT,mature leaf,0.0652
P.biflora,6/26/18,BI comedor,new leaf,0.13257
P.biflora,6/26/18,BI comedor,new leaf,0.22279
P.biflora,6/26/18,BI comedor,new leaf,0.02857
P.ambigua,6/27/18,AMB SOR 170n,mature leaf,0.03265
P.ambigua,6/27/18,AMB SOR 170n,mature leaf,0.03115
P.ambigua,6/27/18,AMB SOR 170n,mature leaf,0.09042
P.ambigua,6/27/18,AMB SOR 575s,new leaf,0.86904
P.ambigua,6/27/18,AMB SOR 575s,mature leaf,0.84492
P.ambigua,6/27/18,AMB SOR 575s,mature leaf,0.4861
P.costaricensis,6/27/18,COS SP1w,mature leaf,2.59331
P.costaricensis,6/27/18,COS SP1w,mature leaf,7.27023
P.costaricensis,6/27/18,COS SP1w,mature leaf,10.53206
P.auriculata,6/27/18,AUR SP1w,mature leaf,0.03639
P.auriculata,6/27/18,AUR SP1w,mature leaf,0.0334
P.auriculata,6/27/18,AUR SP1w,mature leaf,0.03768
P.auriculata,6/27/18,AUR SP3w,mature leaf,0.01485
P.auriculata,6/27/18,AUR SP3w,mature leaf,0.0284
P.auriculata,6/27/18,AUR SP3w,mature leaf,0.14413
P.biflora,6/27/18,BI SP5s,mature leaf,0.04959
P.biflora,6/27/18,BI SP5s,mature leaf,0.07477
P.biflora,6/27/18,BI SP5s,mature leaf,0.07278
P.biflora,6/27/18,BI SP1w,new leaf,0.10814
P.biflora,6/27/18,BI SP1w,new leaf,0.93706
P.biflora,6/27/18,BI SP1w,new leaf,1.11279
P.menispermifolia,6/27/18,MEN SP3w,mature leaf,2.22066
P.menispermifolia,6/27/18,MEN SP3w,mature leaf,2.29026
P.menispermifolia,6/27/18,MEN SP3w,mature leaf,4.23568
P.ambigua,6/27/18,AMB STR 187n,mature leaf,0.10507
P.ambigua,6/27/18,AMB STR 187n,mature leaf,0.16901
P.ambigua,6/27/18,AMB STR 187n,mature leaf,0.31451
P.ambigua,6/27/18,AMB CEN 170n,mature leaf,0.095
P.ambigua,6/27/18,AMB CEN 170n,mature leaf,0.16037
P.ambigua,6/27/18,AMB CEN 170n,mature leaf,0.05795
P.ambigua,6/27/18,AMB CES 860s,mature leaf,1.12912
P.ambigua,6/27/18,AMB CES 860s,mature leaf,0.47429
P.ambigua,6/27/18,AMB CES 860s,mature leaf,0.25664
P.pittieri,6/27/18,PIT CES 850n,mature leaf,0.30781
P.pittieri,6/27/18,PIT CES 850n,mature leaf,1.40687
P.pittieri,6/27/18,PIT CES 850n,mature leaf,2.14454
P.auriculata,6/27/18,AUR STR 4900n,mature leaf,0.04179
P.auriculata,6/27/18,AUR STR 4900n,mature leaf,0.03195
P.auriculata,6/27/18,AUR STR 4900n,mature leaf,0.02279
P.auriculata,6/27/18,AUR STR 4535n,mature leaf,0.03215
P.auriculata,6/27/18,AUR STR 4535n,mature leaf,0.0741
P.auriculata,6/27/18,AUR STR 4535n,mature leaf,0.06754
P.biflora,6/27/18,BI STR 4414n,new leaf,1.67389
P.biflora,6/27/18,BI STR 4414n,new leaf,1.39633
P.biflora,6/27/18,BI STR 4414n,new leaf,2.22734
P.biflora,6/27/18,BI STR 4414n,mature leaf,0.06669
P.biflora,6/27/18,BI STR 4414n,mature leaf,0.08232
P.biflora,6/27/18,BI STR 4414n,mature leaf,0.07111
P.auriculata,6/27/18,AUR STR 4286s,new leaf,0.06924
P.auriculata,6/27/18,AUR STR 4286s,new leaf,0.1545
P.auriculata,6/27/18,AUR STR 4286s,new leaf,0.21642
P.auriculata,6/27/18,AUR STR 4286s,mature leaf,0.06521
P.auriculata,6/27/18,AUR STR 4286s,mature leaf,0.18066
P.auriculata,6/27/18,AUR STR 4286s,mature leaf,0.1599
P.biflora,6/27/18,BI STR 2825s,mature leaf,0.02723
P.biflora,6/27/18,BI STR 2825s,mature leaf,0.05077
P.biflora,6/27/18,BI STR 2825s,mature leaf,0.04785
P.biflora,6/27/18,BI STR 2734s,new leaf,0.08395
P.biflora,6/27/18,BI STR 2734s,new leaf,1.15194
P.biflora,6/27/18,BI STR 2734s,new leaf,2.93007
P.coriacea,6/27/18,COR STR 1802s,mature leaf,0.02141
P.coriacea,6/27/18,COR STR 1802s,new leaf,1.67475
P.coriacea,6/27/18,COR STR 1802s,mature leaf,1.49022
P.ambigua,6/30/18,AMB STR 1226n,mature leaf,0.52418
P.ambigua,6/30/18,AMB STR 1226n,mature leaf,0.20738
P.ambigua,6/30/18,AMB STR 1226n,mature leaf,0.33469
P.ambigua,6/30/18,AMB STR 1174s,mature leaf,0.3652
P.ambigua,6/30/18,AMB STR 1174s,mature leaf,2.00172
P.ambigua,6/30/18,AMB STR 1174s,mature leaf,1.588
P.arbelaezii,6/30/18,ARB STR 1174s,mature leaf,1.44243
P.arbelaezii,6/30/18,ARB STR 1174s,mature leaf,6.38
P.arbelaezii,6/30/18,ARB STR 1174s,mature leaf,3.99813
P.auriculata,6/30/18,AUR STR 1024s,new leaf,0.04038
P.auriculata,6/30/18,AUR STR 1024s,new leaf,0.05287
P.auriculata,6/30/18,AUR STR 1024s,new leaf,0.0275
P.biflora,7/2/18,BI SAZ 299s,mature leaf,0.04997
P.biflora,7/2/18,BI SAZ 299s,mature leaf,0.0459
P.biflora,7/2/18,BI SAZ 299s,mature leaf,0.03198
P.arbelaezii,7/2/18,ARB SAZ 618n,mature leaf,6.16188
P.arbelaezii,7/2/18,ARB SAZ 618n,mature leaf,8.54679
P.arbelaezii,7/2/18,ARB SAZ 618n,mature leaf,10.04259
P.biflora,7/2/18,BI SAZ 808s,new leaf,1.49022
P.biflora,7/2/18,BI SAZ 808s,new leaf,0.6661
P.biflora,7/2/18,BI SAZ 808s,new leaf,1.64817
P.biflora,7/2/18,BI SAZ 808s,mature leaf,0.50662
P.biflora,7/2/18,BI SAZ 808s,mature leaf,0.31576
P.biflora,7/2/18,BI SAZ 808s,mature leaf,3.41148
P.menispermifolia,7/2/18,MEN SAZ 659n,mature leaf,0.44809
P.menispermifolia,7/2/18,MEN SAZ 659n,mature leaf,5.83867
P.menispermifolia,7/2/18,MEN SAZ 659n,mature leaf,7.29833
P.biflora,7/2/18,BI FLA4-2e,new leaf,1.34125
P.biflora,7/2/18,BI FLA4-2e,new leaf,1.24788
P.biflora,7/2/18,BI FLA4-2e,new leaf,1.08835
P.auriculata,7/2/18,AUR SAZ end,mature leaf,0.03388
P.auriculata,7/2/18,AUR SAZ end,mature leaf,0.033
P.auriculata,7/2/18,AUR SAZ end,mature leaf,0.06944
P.biflora,7/2/18,BI FLA4-1e,mature leaf,0.34863
P.biflora,7/2/18,BI FLA4-1e,mature leaf,0.90878
P.biflora,7/2/18,BI FLA4-1e,mature leaf,0.12054
P.auriculata,7/2/18,AUR CAZ-1s,mature leaf,0.27103
P.auriculata,7/2/18,AUR CAZ-1s,mature leaf,0.31506
P.auriculata,7/2/18,AUR CAZ-1s,mature leaf,0.19473
P.biflora,7/2/18,BI CAZ-2s,new leaf,2.75863
P.biflora,7/2/18,BI CAZ-2s,mature leaf,2.99843
P.biflora,7/2/18,BI CAZ-2s,mature leaf,2.03373
P.arbelaezii,7/2/18,ARB CAZ-1s,mature leaf,2.65445
P.arbelaezii,7/2/18,ARB CAZ-1s,mature leaf,1.93223
P.arbelaezii,7/2/18,ARB CAZ-1s,mature leaf,5.14689
P.coriacea,7/2/18,COR FLA4-2n,mature leaf,0.53077
P.coriacea,7/2/18,COR FLA4-2n,mature leaf,0.85379
P.coriacea,7/2/18,COR FLA4-2n,new leaf,0.80977
P.coriacea,7/2/18,COR FLA4-3s,mature leaf,0.02393
P.coriacea,7/2/18,COR FLA4-3s,mature leaf,0.0319
P.coriacea,7/2/18,COR FLA4-3s,mature leaf,0.03611
P.coriacea,7/2/18,COR FLA4-1n,mature leaf,0.03611
P.coriacea,7/2/18,COR FLA4-1n,mature leaf,0.05629
P.coriacea,7/2/18,COR FLA4-1n,mature leaf,0.058
P.auriculata,7/3/18,AUR SDS-1w,mature leaf,0.17812
P.auriculata,7/3/18,AUR SDS-1w,mature leaf,0.54359
P.auriculata,7/3/18,AUR SDS-1w,mature leaf,0.49589
P.auriculata,7/3/18,AUR SDS-1w,new leaf,0.30176
P.auriculata,7/3/18,AUR SDS-1w,new leaf,0.46743
P.auriculata,7/3/18,AUR SDS-1w,new leaf,0.39646
P.menispermifolia,7/3/18,MEN SDS-1e,mature leaf,4.81436
P.menispermifolia,7/3/18,MEN SDS-1e,mature leaf,4.1103
P.menispermifolia,7/3/18,MEN SDS-1e,mature leaf,3.00628
P.biflora,7/3/18,BI SDS-1e,new leaf,0.7167
P.biflora,7/3/18,BI SDS-1e,new leaf,1.48005
P.biflora,7/3/18,BI SDS-1e,new leaf,2.14837
P.auriculata,7/3/18,AUR SDS-2w,new leaf,0.06924
P.auriculata,7/3/18,AUR SDS-2w,new leaf,0.02954
P.auriculata,7/3/18,AUR SDS-2w,new leaf,0.07142
P.biflora,7/3/18,BI SDS-2s,new leaf,0.5584
P.biflora,7/3/18,BI SDS-2s,new leaf,0.77912
P.biflora,7/3/18,BI SDS-2s,new leaf,0.91288
P.arbelaezii,7/3/18,ARB SDS-1s,mature leaf,0.40295
P.arbelaezii,7/3/18,ARB SDS-1s,mature leaf,0.10021
P.arbelaezii,7/3/18,ARB SDS-1s,mature leaf,0.97219
P.menispermifolia,7/3/18,MEN OET Gate-1s,mature leaf,3.72
P.menispermifolia,7/3/18,MEN OET Gate-1s,mature leaf,2.97472
P.menispermifolia,7/3/18,MEN OET Gate-1s,mature leaf,3.75389
P.auriculata,7/3/18,AUR OET Gate-1s,mature leaf,0.04557
P.auriculata,7/3/18,AUR OET Gate-1s,mature leaf,0.02726
P.auriculata,7/3/18,AUR OET Gate-1s,mature leaf,0.02967
P.menispermifolia,7/3/18,MEN OET Gate-1n,mature leaf,1.72294
P.menispermifolia,7/3/18,MEN OET Gate-1n,mature leaf,2.22209
P.menispermifolia,7/3/18,MEN OET Gate-1n,mature leaf,1.74108
P.biflora,7/3/18,BI OET Gate-1n,new leaf,0.05926
P.biflora,7/3/18,BI OET Gate-1n,new leaf,0.10875
P.biflora,7/3/18,BI OET Gate-1n,new leaf,0.08395
P.auriculata,7/3/18,AUR OET Gate-1n,mature leaf,0.03323
P.auriculata,7/3/18,AUR OET Gate-1n,mature leaf,0.02583
P.auriculata,7/3/18,AUR OET Gate-1n,mature leaf,0.02331
P.menispermifolia,7/3/18,MEN OET Gate-1s,mature leaf,3.72
P.menispermifolia,7/3/18,MEN OET Gate-1s,mature leaf,2.97472
P.menispermifolia,7/3/18,MEN OET Gate-1s,mature leaf,3.75389
P.auriculata,7/3/18,AUR OET Gate-1s,mature leaf,0.04546
P.auriculata,7/3/18,AUR OET Gate-1s,mature leaf,0.02726
P.auriculata,7/3/18,AUR OET Gate-1s,mature leaf,0.02967
P.menispermifolia,7/3/18,MEN OET Gate-1n,mature leaf,1.72294
P.menispermifolia,7/3/18,MEN OET Gate-1n,mature leaf,2.22209
P.menispermifolia,7/3/18,MEN OET Gate-1n,mature leaf,16.65955
P.biflora,7/3/18,BI OET Gate-1n,new leaf,0.05926
P.biflora,7/3/18,BI OET Gate-1n,new leaf,0.10875
P.biflora,7/3/18,BI OET Gate-1n,new leaf,0.08395
P.auriculata,7/3/18,AUR OET Gate-1n,mature leaf,0.03323
P.auriculata,7/3/18,AUR OET Gate-1n,mature leaf,0.02583
P.auriculata,7/3/18,AUR OET Gate-1n,mature leaf,0.02331
P.biflora,7/6/18,BI SAZ 299s,mature leaf,0.05438
P.biflora,7/6/18,BI SAZ 299s,mature leaf,0.04749
P.biflora,7/6/18,BI SAZ 299s,mature leaf,0.04451
P.biflora,7/6/18,BI SAZ 515n,new leaf,7.37285
P.biflora,7/6/18,BI SAZ 515n,new leaf,7.76166
P.biflora,7/6/18,BI SAZ 515n,new leaf,6.97289
P.auriculata,7/6/18,AUR SAZ 637n,mature leaf,0.04785
P.auriculata,7/6/18,AUR SAZ 637n,mature leaf,0.0434
P.auriculata,7/6/18,AUR SAZ 637n,mature leaf,0.04081
P.biflora,7/6/18,BI SAZ 659n,new leaf,0.94571
P.biflora,7/6/18,BI SAZ 659n,new leaf,0.50078
P.biflora,7/6/18,BI SAZ 659n,new leaf,0.92899
P.biflora,7/6/18,BI SAZ 936n,new leaf,2.06412
P.biflora,7/6/18,BI SAZ 936n,new leaf,8.62162
P.biflora,7/6/18,BI SAZ 936n,new leaf,1.18636
P.auriculata,7/6/18,AUR SAZ 916n,mature leaf,0.05818
P.auriculata,7/6/18,AUR SAZ 916n,mature leaf,0.04441
P.auriculata,7/6/18,AUR SAZ 916n,mature leaf,0.03148
P.biflora,7/6/18,BI CAB IGUANA,new leaf,1.9488
P.biflora,7/6/18,BI CAB IGUANA,new leaf,2.19715
P.biflora,7/6/18,BI CAB IGUANA,mature leaf,0.53895
P.auriculata,7/6/18,AUR boat ramp ,mature leaf,0.02402
P.auriculata,7/6/18,AUR boat ramp ,mature leaf,0.0178
P.auriculata,7/6/18,AUR boat ramp ,mature leaf,0.02535
P.biflora,7/6/18,BI boat ramp ,new leaf,0.8572
P.biflora,7/6/18,BI boat ramp ,new leaf,0.63868
P.biflora,7/6/18,BI boat ramp ,new leaf,0.66708
P.biflora,7/6/18,BI bridge ,mature leaf,0.03914
P.biflora,7/6/18,BI bridge ,mature leaf,0.03988
P.biflora,7/6/18,BI bridge ,mature leaf,0.01197
P.pittieri,7/9/18,PIT SURA 916w,mature leaf,1.8476
P.pittieri,7/9/18,PIT SURA 916w,mature leaf,1.99375
P.pittieri,7/9/18,PIT SURA 916w,mature leaf,2.84218
P.costaricensis,7/9/18,COS SP1n,mature leaf,4.99834
P.costaricensis,7/9/18,COS SP1n,mature leaf,6.73728
P.costaricensis,7/9/18,COS SP1n,mature leaf,4.421
P.costaricensis,7/9/18,COS SP1w,mature leaf,5.03503
P.costaricensis,7/9/18,COS SP1w,mature leaf,7.40615
P.costaricensis,7/9/18,COS SP1w,mature leaf,6.67333
P.pittieri,7/9/18,PIT CES 850n,mature leaf,2.02139
P.pittieri,7/9/18,PIT CES 850n,mature leaf,1.21035
P.pittieri,7/9/18,PIT CES 850n,mature leaf,1.97367
P.pittieri,7/9/18,PIT CES 850n,new leaf,1.97574
P.pittieri,7/9/18,PIT CES 850n,new leaf,3.20013
P.pittieri,7/9/18,PIT CES 850n,new leaf,2.42278
P.biflora,7/9/18,BI lab powerline,new leaf,1.30436
P.biflora,7/9/18,BI lab powerline,new leaf,0.8611
P.biflora,7/9/18,BI lab powerline,new leaf,0.76643
P.arbelaezii,7/9/18,ARB CEN 534e,mature leaf,7.06357
P.arbelaezii,7/9/18,ARB CEN 534e,mature leaf,7.79778
P.arbelaezii,7/9/18,ARB CEN 534e,mature leaf,6.93478
P.pittieri,7/9/18,PIT CEN 535e,mature leaf,2.92417
P.pittieri,7/9/18,PIT CEN 535e,mature leaf,2.02215
P.pittieri,7/9/18,PIT CEN 535e,mature leaf,2.51577
P.ambigua,7/9/18,AMB STR 1181s,mature leaf,1.4792
P.ambigua,7/9/18,AMB STR 1181s,mature leaf,1.23208
P.ambigua,7/9/18,AMB STR 1181s,mature leaf,0.87569
P.menispermifolia,7/11/18,MEN STR 1398s,new leaf,6.10261
P.menispermifolia,7/11/18,MEN STR 1398s,new leaf,5.69864
P.menispermifolia,7/11/18,MEN STR 1398s,new leaf,4.20948
P.ambigua,7/11/18,AMB STR 1399s,new leaf,0.81016
P.ambigua,7/11/18,AMB STR 1399s,new leaf,0.07419
P.ambigua,7/11/18,AMB STR 1399s,new leaf,0.17185
P.biflora,7/11/18,BI CAB Iguana,new leaf,1.82923
P.biflora,7/11/18,BI CAB Iguana,new leaf,1.95187
P.biflora,7/11/18,BI CAB Iguana,mature leaf,1.50639
P.pittieri,7/11/18,PIT SOR 203n,old leaf,0.08529
P.pittieri,7/11/18,PIT SOR 203n,old leaf,0.23496
P.pittieri,7/11/18,PIT SOR 203n,old leaf,0.06359
P.arbelaezii,7/11/18,ARB Ceiba ,mature leaf,2.79573
P.arbelaezii,7/11/18,ARB Ceiba ,mature leaf,5.13031
P.arbelaezii,7/11/18,ARB Ceiba ,mature leaf,3.02328
P.arbelaezii,7/11/18,ARB CAB EUF,mature leaf,1.31096
P.arbelaezii,7/11/18,ARB CAB EUF,mature leaf,1.2063
P.arbelaezii,7/11/18,ARB CAB EUF,mature leaf,0.1944
P.biflora,7/11/18,BI inner powerline-1,mature leaf,0.05024
P.biflora,7/11/18,BI inner powerline-1,mature leaf,0.02351
P.biflora,7/11/18,BI inner powerline-1,mature leaf,0.02719
P.biflora,7/11/18,BI inner powerline-2,new leaf,0.07656
P.biflora,7/11/18,BI inner powerline-2,new leaf,2.88669
P.biflora,7/11/18,BI inner powerline-2,new leaf,3.16769
P.menispermifolia,7/11/18,MEN outer powerline-1,new leaf,7.10754
P.menispermifolia,7/11/18,MEN outer powerline-1,new leaf,6.68381
P.menispermifolia,7/11/18,MEN outer powerline-1,new leaf,5.9271
P.auriculata,7/11/18,AUR outer powerline-1,new leaf,0.22465
P.auriculata,7/11/18,AUR outer powerline-1,new leaf,0.23678
P.auriculata,7/11/18,AUR outer powerline-1,new leaf,0.44733
P.coriacea,7/11/18,COR STR 1082s,new leaf,0.04546
P.coriacea,7/11/18,COR STR 1082s,new leaf,0.06019
P.coriacea,7/11/18,COR STR 1082s,new leaf,0.05818
P.auriculata,7/12/18,AUR SJ 316s,new leaf,0.06669
P.auriculata,7/12/18,AUR SJ 316s,new leaf,0.03738
P.auriculata,7/12/18,AUR SJ 316s,new leaf,0.03632
P.arbelaezii,7/12/18,ARB SJ 251n,new leaf,16.56085
P.arbelaezii,7/12/18,ARB SJ 251n,new leaf,15.05393
P.arbelaezii,7/12/18,ARB SJ 251n,new leaf,33.02081
P.ambigua,7/12/18,AMB SJ 227n,new leaf,1.595
P.ambigua,7/12/18,AMB SJ 227n,new leaf,1.74381
P.ambigua,7/12/18,AMB SJ 227n,new leaf,1.88439
P.arbelaezii,7/16/18,ARB SHO 842s,mature leaf,8.20286
P.arbelaezii,7/16/18,ARB SHO 842s,mature leaf,9.09581
P.arbelaezii,7/16/18,ARB SHO 842s,mature leaf,8.80133
P.auriculata,7/16/18,AUR SSE 389s,new leaf,0.08286
P.auriculata,7/16/18,AUR SSE 389s,new leaf,0.07281
P.auriculata,7/16/18,AUR SSE 389s,new leaf,0.07844
P.biflora,7/19/18,BI AM-1s,new leaf,0.05944
P.biflora,7/19/18,BI AM-1s,new leaf,0.06787
P.biflora,7/19/18,BI AM-1s,new leaf,0.1153
P.arbelaezii,7/19/18,ARB AM-2n,mature leaf,1.73437
P.arbelaezii,7/19/18,ARB AM-2n,mature leaf,4.57434
P.arbelaezii,7/19/18,ARB AM-2n,mature leaf,9.4313
P.arbelaezii,7/19/18,ARB AM-1n,mature leaf,7.018
P.arbelaezii,7/19/18,ARB AM-1n,mature leaf,7.57966
P.arbelaezii,7/19/18,ARB AM-1n,mature leaf,7.39628
P.arbelaezii,7/19/18,ARB AM-3n,mature leaf,5.88156
P.arbelaezii,7/19/18,ARB AM-3n,mature leaf,8.26128
P.arbelaezii,7/19/18,ARB AM-3n,mature leaf,8.26262
P.arbelaezii,7/19/18,ARB AM-4e,mature leaf,5.742
P.arbelaezii,7/19/18,ARB AM-4e,mature leaf,8.7
P.arbelaezii,7/19/18,ARB AM-4e,mature leaf,6.41255
P.menispermifolia,7/19/18,MEN AM-1s,new leaf,1.69768
P.menispermifolia,7/19/18,MEN AM-1s,new leaf,3.12261
P.menispermifolia,7/19/18,MEN AM-1s,new leaf,3.31176
P.auriculata,7/19/18,AUR AM-1s,new leaf,0.03272
P.auriculata,7/19/18,AUR AM-1s,new leaf,0.03028
P.auriculata,7/19/18,AUR AM-1s,new leaf,0.03564
P.auriculata,7/19/18,AUR AM-2n,new leaf,0.023
P.auriculata,7/19/18,AUR AM-2n,new leaf,0.03112
P.auriculata,7/19/18,AUR AM-2n,new leaf,0.02922
P.biflora,7/19/18,BI AM-2n,new leaf,1.73753
P.biflora,7/19/18,BI AM-2n,new leaf,1.58674
P.biflora,7/19/18,BI AM-2n,new leaf,1.68497
P.ambigua,7/19/18,AMB AM-1w,new leaf,1.05265
P.ambigua,7/19/18,AMB AM-1w,new leaf,2.05442
P.ambigua,7/19/18,AMB AM-1w,new leaf,1.35205
P.biflora,7/19/18,BI AM-3e,new leaf,0.5636
P.biflora,7/19/18,BI AM-3e,new leaf,1.57531
P.biflora,7/19/18,BI AM-3e,new leaf,20.66761
P.auriculata,7/19/18,AUR GUA-1e,new leaf,0.04738
P.auriculata,7/19/18,AUR GUA-1e,new leaf,0.0845
P.auriculata,7/19/18,AUR GUA-1e,new leaf,0.08025
P.auriculata,7/21/18,AUR STR 5488w,new leaf,0.02509
P.auriculata,7/21/18,AUR STR 5488w,new leaf,0.0348
P.auriculata,7/21/18,AUR STR 5488w,new leaf,0.03786
P.auriculata,7/21/18,AUR STR 5490e,mature leaf,0.01357
P.auriculata,7/21/18,AUR STR 5490e,mature leaf,0.01532
P.auriculata,7/21/18,AUR STR 5490e,mature leaf,0.01508
P.auriculata,7/21/18,AUR STR 5490e,old leaf,0.01235
P.auriculata,7/21/18,AUR STR 5490e,old leaf,0.07677
P.auriculata,7/21/18,AUR STR 5490e,old leaf,0.06869
P.auriculata,7/21/18,AUR STR 4852s,new leaf,0.01749
P.auriculata,7/21/18,AUR STR 4852s,new leaf,0.02074
P.auriculata,7/21/18,AUR STR 4852s,new leaf,0.02601
P.auriculata,7/21/18,AUR STR 4852s,old leaf,0.07198
P.auriculata,7/21/18,AUR STR 4852s,old leaf,0.06541
P.auriculata,7/21/18,AUR STR 4852s,old leaf,0.08401
P.auriculata,7/21/18,AUR STR 4756n,new leaf,0.33425
P.auriculata,7/21/18,AUR STR 4756n,new leaf,0.24985
P.auriculata,7/21/18,AUR STR 4756n,new leaf,0.30747
P.ambigua,7/23/18,AMB lab clearing-2,mature leaf,0.38777
P.ambigua,7/23/18,AMB lab clearing-2,mature leaf,0.3837
P.ambigua,7/23/18,AMB lab clearing-2,mature leaf,0.68247
P.biflora,7/23/18,BI parqueo,mature leaf,0.04291
P.biflora,7/23/18,BI parqueo,mature leaf,0.0468
P.biflora,7/23/18,BI parqueo,mature leaf,0.03266
P.coriacea,7/23/18,COR STR 1082s,mature leaf,0.01955
P.coriacea,7/23/18,COR STR 1082s,new leaf,0.01258
P.coriacea,7/23/18,COR STR 1082s,new leaf,0.01388
P.biflora,6/24/19,BI SAZ 299s,mature leaf,0.86022
P.biflora,6/24/19,BI SAZ 299s,mature leaf,0.78571
P.biflora,6/24/19,BI SAZ 808s,mature leaf,0.435
P.biflora,6/24/19,BI SAZ 808s,mature leaf,0.65436
P.menispermifolia,6/24/19,MEN SAZ 659N,new leaf,1.57315
P.menispermifolia,6/24/19,MEN SAZ 659N,new leaf,3.1122
P.auriculata,6/24/19,AUR SDS-1W,new leaf,0.07115
P.auriculata,6/24/19,AUR SDS-1W,new leaf,0.05853
P.biflora,6/24/19,BI SDS-1E,new leaf,2.2145
P.biflora,6/24/19,BI SDS-1E,new leaf,2.3668
P.auriculata,6/24/19,AUR CAZ-1s,new leaf,0.06338
P.auriculata,6/24/19,AUR CAZ-1s,new leaf,0.05596
P.biflora,6/24/19,BI CAZ-2S,new leaf,1.5297
P.biflora,6/24/19,BI CAZ-2S,new leaf,1.761
P.arbelaezii,6/24/19,ARB CAZ-1S,new leaf,0.9413
P.arbelaezii,6/24/19,ARB CAZ-1S,new leaf,0.696
P.coriacea,6/24/19,COR FLA4-1N,mature leaf,0.14953
P.coriacea,6/24/19,COR FLA4-1N,mature leaf,0.13574
P.coriacea,6/24/19,COR FLA4-3S,mature leaf,0.12592
P.coriacea,6/24/19,COR FLA4-3S,mature leaf,0.12191
P.coriacea,6/24/19,COR FLA4-2N,mature leaf,0.08395
P.coriacea,6/24/19,COR FLA4-2N,mature leaf,0.08861
P.auriculata,6/25/19,AUR OET Gate-1n,mature leaf,0.174
P.auriculata,6/25/19,AUR OET Gate-1n,mature leaf,0.12269
P.costaricensis,6/25/19,COS SP1N,mature leaf,6.5842
P.costaricensis,6/25/19,COS SP1N,mature leaf,4.441
P.costaricensis,6/25/19,COS SP3N,mature leaf,0.9114
P.costaricensis,6/25/19,COS SP3N,mature leaf,0.7975
P.costaricensis,6/25/19,COS SP1W,new leaf,1.3353
P.costaricensis,6/25/19,COS SP1W,new leaf,0.8902
P.menispermifolia,6/25/19,MEN SP5E,new leaf,1.8673
P.menispermifolia,6/25/19,MEN SP5E,new leaf,1.4932
P.pittieri,6/25/19,PIT lab clearing,mature leaf,2.3708
P.pittieri,6/25/19,PIT lab clearing,mature leaf,1.9105
P.ambigua,6/25/19,AMB garden,new leaf,0.11325
P.ambigua,6/25/19,AMB garden,new leaf,0.08179
P.pittieri,6/25/19,PIT SURA 916w,mature leaf,0.7457
P.pittieri,6/25/19,PIT SURA 916w,mature leaf,0.8545
P.menispermifolia,6/25/19,MEN garden ,new leaf,3.0513
P.menispermifolia,6/25/19,MEN garden ,new leaf,2.3377
P.pittieri,6/25/19,PIT garden,mature leaf,3.4727
P.pittieri,6/25/19,PIT garden,mature leaf,4.8829
P.arbelaezii,6/25/19,ARB garden,new leaf,1.5561
P.arbelaezii,6/25/19,ARB garden,new leaf,0.9234
P.arbelaezii,6/25/19,ARB lab clearing ,new leaf,1.4866
P.arbelaezii,6/25/19,ARB lab clearing ,new leaf,1.8468
P.auriculata,6/26/19,AUR garden ,mature leaf,0.2578
P.auriculata,6/26/19,AUR garden ,mature leaf,0.5889
P.auriculata,6/26/19,AUR STR 4286S,new leaf,0.116
P.auriculata,6/26/19,AUR STR 4286S,new leaf,0.10021
P.menispermifolia,6/27/19,MEN OETgate-1S,new leaf,2.3143
P.menispermifolia,6/27/19,MEN OETgate-1S,new leaf,3.166
P.pittieri,6/27/19,PIT CES 850n,mature leaf,4.9171
P.pittieri,6/27/19,PIT CES 850n,mature leaf,3.5917
P.ambigua,6/27/19,AMB lab clearing-1,mature leaf,1.2131
P.ambigua,6/27/19,AMB lab clearing-1,mature leaf,1.1154
P.ambigua,6/27/19,AMB STR 1399s,mature leaf,1.0693
P.ambigua,6/27/19,AMB STR 1399s,mature leaf,0.5771
P.ambigua,6/27/19,AMB SOR 170N,mature leaf,1.0951
P.ambigua,6/27/19,AMB SOR 170N,mature leaf,1.2279